/home/yhu/Datasets/Northwestern_Hand_Gesture/videos/10/10_SideIndex_02.avi,28,51,320,240
/home/yhu/Datasets/Northwestern_Hand_Gesture/videos/10/10_Hold_12.avi,77,28,320,240
/home/yhu/Datasets/Northwestern_Hand_Gesture/videos/10/10_SideHand_09.avi,14,17,320,240
/home/yhu/Datasets/Northwestern_Hand_Gesture/videos/10/10_Fist_09.avi,18,7,320,240
/home/yhu/Datasets/Northwestern_Hand_Gesture/videos/10/10_Hand_15.avi,40,0,306,240
/home/yhu/Datasets/Northwestern_Hand_Gesture/videos/10/10_Thumb_14.avi,129,0,320,240
/home/yhu/Datasets/Northwestern_Hand_Gesture/videos/10/10_SideIndex_03.avi,0,33,320,240
/home/yhu/Datasets/Northwestern_Hand_Gesture/videos/10/10_SideHand_12.avi,9,0,320,240
/home/yhu/Datasets/Northwestern_Hand_Gesture/videos/10/10_Index_10.avi,45,13,313,240
/home/yhu/Datasets/Northwestern_Hand_Gesture/videos/10/10_Hand_08.avi,0,5,320,240
/home/yhu/Datasets/Northwestern_Hand_Gesture/videos/10/10_Thumb_02.avi,47,102,288,240
/home/yhu/Datasets/Northwestern_Hand_Gesture/videos/10/10_SideHand_14.avi,41,0,320,240
/home/yhu/Datasets/Northwestern_Hand_Gesture/videos/10/10_SideHand_03.avi,0,5,320,240
/home/yhu/Datasets/Northwestern_Hand_Gesture/videos/10/10_SideIndex_15.avi,5,0,320,240
/home/yhu/Datasets/Northwestern_Hand_Gesture/videos/10/10_Hand_09.avi,0,0,320,240
/home/yhu/Datasets/Northwestern_Hand_Gesture/videos/10/10_Hold_10.avi,20,0,313,240
/home/yhu/Datasets/Northwestern_Hand_Gesture/videos/10/10_SideIndex_09.avi,35,0,320,240
/home/yhu/Datasets/Northwestern_Hand_Gesture/videos/10/10_Index_14.avi,140,12,320,240
/home/yhu/Datasets/Northwestern_Hand_Gesture/videos/10/10_SideHand_05.avi,20,6,320,216
/home/yhu/Datasets/Northwestern_Hand_Gesture/videos/10/10_Index_05.avi,40,4,320,240
/home/yhu/Datasets/Northwestern_Hand_Gesture/videos/10/10_Thumb_03.avi,0,0,290,240
/home/yhu/Datasets/Northwestern_Hand_Gesture/videos/10/10_Index_07.avi,12,40,305,240
/home/yhu/Datasets/Northwestern_Hand_Gesture/videos/10/10_Fist_15.avi,44,0,320,240
/home/yhu/Datasets/Northwestern_Hand_Gesture/videos/10/10_SideIndex_05.avi,16,11,320,240
/home/yhu/Datasets/Northwestern_Hand_Gesture/videos/10/10_Hold_09.avi,23,0,320,240
/home/yhu/Datasets/Northwestern_Hand_Gesture/videos/10/10_Hand_03.avi,17,7,261,240
/home/yhu/Datasets/Northwestern_Hand_Gesture/videos/10/10_SideHand_07.avi,0,0,320,240
/home/yhu/Datasets/Northwestern_Hand_Gesture/videos/10/10_Hold_13.avi,59,0,259,240
/home/yhu/Datasets/Northwestern_Hand_Gesture/videos/10/10_SideIndex_06.avi,22,16,320,240
/home/yhu/Datasets/Northwestern_Hand_Gesture/videos/10/10_SideHand_10.avi,0,0,320,240
/home/yhu/Datasets/Northwestern_Hand_Gesture/videos/10/10_SideHand_04.avi,0,7,320,240
/home/yhu/Datasets/Northwestern_Hand_Gesture/videos/10/10_Thumb_08.avi,72,40,311,240
/home/yhu/Datasets/Northwestern_Hand_Gesture/videos/10/10_Index_08.avi,37,48,300,240
/home/yhu/Datasets/Northwestern_Hand_Gesture/videos/10/10_SideIndex_12.avi,44,0,320,240
/home/yhu/Datasets/Northwestern_Hand_Gesture/videos/10/10_Hold_15.avi,42,0,291,240
/home/yhu/Datasets/Northwestern_Hand_Gesture/videos/10/10_Fist_04.avi,24,0,320,240
/home/yhu/Datasets/Northwestern_Hand_Gesture/videos/10/10_SideIndex_14.avi,72,13,320,240
/home/yhu/Datasets/Northwestern_Hand_Gesture/videos/10/10_Hand_04.avi,23,17,274,240
/home/yhu/Datasets/Northwestern_Hand_Gesture/videos/10/10_Index_13.avi,67,2,304,240
/home/yhu/Datasets/Northwestern_Hand_Gesture/videos/10/10_Thumb_05.avi,55,6,320,240
/home/yhu/Datasets/Northwestern_Hand_Gesture/videos/10/10_Hold_06.avi,46,0,311,240
/home/yhu/Datasets/Northwestern_Hand_Gesture/videos/10/10_Hand_02.avi,35,19,320,240
/home/yhu/Datasets/Northwestern_Hand_Gesture/videos/10/10_SideHand_06.avi,16,23,320,240
/home/yhu/Datasets/Northwestern_Hand_Gesture/videos/10/10_Fist_14.avi,47,4,320,240
/home/yhu/Datasets/Northwestern_Hand_Gesture/videos/10/10_Hand_14.avi,28,0,320,240
/home/yhu/Datasets/Northwestern_Hand_Gesture/videos/10/10_SideIndex_13.avi,39,10,320,232
/home/yhu/Datasets/Northwestern_Hand_Gesture/videos/10/10_Hold_03.avi,28,0,277,240
/home/yhu/Datasets/Northwestern_Hand_Gesture/videos/10/10_Hand_11.avi,22,0,317,240
/home/yhu/Datasets/Northwestern_Hand_Gesture/videos/10/10_Fist_06.avi,15,0,307,240
/home/yhu/Datasets/Northwestern_Hand_Gesture/videos/10/10_Hold_11.avi,50,9,312,240
/home/yhu/Datasets/Northwestern_Hand_Gesture/videos/10/10_Hand_10.avi,18,0,320,240
/home/yhu/Datasets/Northwestern_Hand_Gesture/videos/10/10_Index_06.avi,40,0,320,240
/home/yhu/Datasets/Northwestern_Hand_Gesture/videos/10/10_Index_04.avi,36,14,315,240
/home/yhu/Datasets/Northwestern_Hand_Gesture/videos/10/10_Thumb_10.avi,66,2,297,240
/home/yhu/Datasets/Northwestern_Hand_Gesture/videos/10/10_Hold_01.avi,40,7,306,240
/home/yhu/Datasets/Northwestern_Hand_Gesture/videos/10/10_Thumb_06.avi,0,25,320,240
/home/yhu/Datasets/Northwestern_Hand_Gesture/videos/10/10_SideIndex_01.avi,2,41,320,240
/home/yhu/Datasets/Northwestern_Hand_Gesture/videos/10/10_Fist_05.avi,28,27,320,240
/home/yhu/Datasets/Northwestern_Hand_Gesture/videos/10/10_SideHand_02.avi,0,43,320,240
/home/yhu/Datasets/Northwestern_Hand_Gesture/videos/10/10_SideIndex_04.avi,0,42,320,240
/home/yhu/Datasets/Northwestern_Hand_Gesture/videos/10/10_Index_03.avi,18,0,285,240
/home/yhu/Datasets/Northwestern_Hand_Gesture/videos/10/10_Hand_06.avi,25,0,309,240
/home/yhu/Datasets/Northwestern_Hand_Gesture/videos/10/10_Index_09.avi,25,41,320,240
/home/yhu/Datasets/Northwestern_Hand_Gesture/videos/10/10_SideIndex_10.avi,73,11,320,240
/home/yhu/Datasets/Northwestern_Hand_Gesture/videos/10/10_Thumb_04.avi,20,30,304,240
/home/yhu/Datasets/Northwestern_Hand_Gesture/videos/10/10_Thumb_12.avi,101,34,320,240
/home/yhu/Datasets/Northwestern_Hand_Gesture/videos/10/10_SideHand_01.avi,0,30,320,240
/home/yhu/Datasets/Northwestern_Hand_Gesture/videos/10/10_Index_12.avi,127,51,320,240
/home/yhu/Datasets/Northwestern_Hand_Gesture/videos/10/10_Index_15.avi,57,0,313,240
/home/yhu/Datasets/Northwestern_Hand_Gesture/videos/10/10_Hand_05.avi,36,0,320,240
/home/yhu/Datasets/Northwestern_Hand_Gesture/videos/10/10_Hold_02.avi,70,14,320,240
/home/yhu/Datasets/Northwestern_Hand_Gesture/videos/10/10_SideIndex_08.avi,27,38,320,240
/home/yhu/Datasets/Northwestern_Hand_Gesture/videos/10/10_Hold_14.avi,74,0,320,240
/home/yhu/Datasets/Northwestern_Hand_Gesture/videos/10/10_Index_01.avi,73,21,289,240
/home/yhu/Datasets/Northwestern_Hand_Gesture/videos/10/10_Thumb_09.avi,53,27,320,240
/home/yhu/Datasets/Northwestern_Hand_Gesture/videos/10/10_SideHand_15.avi,8,5,320,240
/home/yhu/Datasets/Northwestern_Hand_Gesture/videos/10/10_Fist_13.avi,69,2,306,235
/home/yhu/Datasets/Northwestern_Hand_Gesture/videos/10/10_Thumb_11.avi,25,0,316,240
/home/yhu/Datasets/Northwestern_Hand_Gesture/videos/10/10_Hold_05.avi,39,9,297,240
/home/yhu/Datasets/Northwestern_Hand_Gesture/videos/10/10_Thumb_13.avi,40,16,320,240
/home/yhu/Datasets/Northwestern_Hand_Gesture/videos/10/10_Hand_12.avi,0,0,320,240
/home/yhu/Datasets/Northwestern_Hand_Gesture/videos/10/10_Fist_11.avi,51,33,308,240
/home/yhu/Datasets/Northwestern_Hand_Gesture/videos/10/10_Thumb_07.avi,9,4,311,240
/home/yhu/Datasets/Northwestern_Hand_Gesture/videos/10/10_SideIndex_07.avi,0,0,320,240
/home/yhu/Datasets/Northwestern_Hand_Gesture/videos/10/10_SideHand_08.avi,0,64,320,240
/home/yhu/Datasets/Northwestern_Hand_Gesture/videos/10/10_SideHand_13.avi,33,16,320,240
/home/yhu/Datasets/Northwestern_Hand_Gesture/videos/10/10_Fist_01.avi,43,37,302,240
/home/yhu/Datasets/Northwestern_Hand_Gesture/videos/10/10_Hand_13.avi,33,0,277,240
/home/yhu/Datasets/Northwestern_Hand_Gesture/videos/10/10_Hold_07.avi,13,0,320,240
/home/yhu/Datasets/Northwestern_Hand_Gesture/videos/10/10_Fist_02.avi,45,42,320,240
/home/yhu/Datasets/Northwestern_Hand_Gesture/videos/10/10_Thumb_01.avi,25,36,274,240
/home/yhu/Datasets/Northwestern_Hand_Gesture/videos/10/10_Index_02.avi,46,66,270,240
/home/yhu/Datasets/Northwestern_Hand_Gesture/videos/10/10_Hand_07.avi,0,0,313,240
/home/yhu/Datasets/Northwestern_Hand_Gesture/videos/10/10_SideHand_11.avi,26,53,320,240
/home/yhu/Datasets/Northwestern_Hand_Gesture/videos/10/10_Fist_08.avi,19,28,320,240
/home/yhu/Datasets/Northwestern_Hand_Gesture/videos/10/10_Hold_08.avi,0,0,320,240
/home/yhu/Datasets/Northwestern_Hand_Gesture/videos/10/10_Fist_03.avi,9,29,277,240
/home/yhu/Datasets/Northwestern_Hand_Gesture/videos/10/10_Fist_12.avi,77,21,320,240
/home/yhu/Datasets/Northwestern_Hand_Gesture/videos/10/10_Hand_01.avi,20,8,267,240
/home/yhu/Datasets/Northwestern_Hand_Gesture/videos/10/10_Thumb_15.avi,50,4,300,240
/home/yhu/Datasets/Northwestern_Hand_Gesture/videos/10/10_Index_11.avi,31,0,276,240
/home/yhu/Datasets/Northwestern_Hand_Gesture/videos/10/10_Fist_07.avi,0,33,320,240
/home/yhu/Datasets/Northwestern_Hand_Gesture/videos/10/10_Fist_10.avi,22,17,315,240
/home/yhu/Datasets/Northwestern_Hand_Gesture/videos/10/10_Hold_04.avi,49,0,320,240
/home/yhu/Datasets/Northwestern_Hand_Gesture/videos/10/10_SideIndex_11.avi,51,54,320,240
/home/yhu/Datasets/Northwestern_Hand_Gesture/videos/06/06_Hand_05.avi,20,0,302,240
/home/yhu/Datasets/Northwestern_Hand_Gesture/videos/06/06_Hold_03.avi,23,0,279,240
/home/yhu/Datasets/Northwestern_Hand_Gesture/videos/06/06_Thumb_13.avi,54,21,320,240
/home/yhu/Datasets/Northwestern_Hand_Gesture/videos/06/06_Index_03.avi,25,0,296,240
/home/yhu/Datasets/Northwestern_Hand_Gesture/videos/06/06_Fist_13.avi,67,36,300,240
/home/yhu/Datasets/Northwestern_Hand_Gesture/videos/06/06_Index_11.avi,105,0,320,240
/home/yhu/Datasets/Northwestern_Hand_Gesture/videos/06/06_Fist_03.avi,30,45,295,240
/home/yhu/Datasets/Northwestern_Hand_Gesture/videos/06/06_Fist_14.avi,70,0,320,240
/home/yhu/Datasets/Northwestern_Hand_Gesture/videos/06/06_SideHand_06.avi,0,0,320,240
/home/yhu/Datasets/Northwestern_Hand_Gesture/videos/06/06_Hand_08.avi,0,22,320,240
/home/yhu/Datasets/Northwestern_Hand_Gesture/videos/06/06_Fist_08.avi,24,38,320,240
/home/yhu/Datasets/Northwestern_Hand_Gesture/videos/06/06_Index_13.avi,69,3,293,240
/home/yhu/Datasets/Northwestern_Hand_Gesture/videos/06/06_Index_02.avi,46,78,314,240
/home/yhu/Datasets/Northwestern_Hand_Gesture/videos/06/06_Hold_14.avi,80,0,320,240
/home/yhu/Datasets/Northwestern_Hand_Gesture/videos/06/06_Hold_09.avi,17,0,320,240
/home/yhu/Datasets/Northwestern_Hand_Gesture/videos/06/06_SideHand_01.avi,24,74,320,240
/home/yhu/Datasets/Northwestern_Hand_Gesture/videos/06/06_Hand_11.avi,53,0,320,240
/home/yhu/Datasets/Northwestern_Hand_Gesture/videos/06/06_SideHand_02.avi,21,20,320,240
/home/yhu/Datasets/Northwestern_Hand_Gesture/videos/06/06_Thumb_14.avi,131,10,320,240
/home/yhu/Datasets/Northwestern_Hand_Gesture/videos/06/06_SideIndex_09.avi,29,0,320,233
/home/yhu/Datasets/Northwestern_Hand_Gesture/videos/06/06_SideIndex_02.avi,77,28,320,240
/home/yhu/Datasets/Northwestern_Hand_Gesture/videos/06/06_Hand_07.avi,0,0,320,240
/home/yhu/Datasets/Northwestern_Hand_Gesture/videos/06/06_Thumb_12.avi,35,5,320,240
/home/yhu/Datasets/Northwestern_Hand_Gesture/videos/06/06_Index_15.avi,62,0,298,240
/home/yhu/Datasets/Northwestern_Hand_Gesture/videos/06/06_SideHand_12.avi,15,37,320,240
/home/yhu/Datasets/Northwestern_Hand_Gesture/videos/06/06_SideIndex_03.avi,10,39,320,240
/home/yhu/Datasets/Northwestern_Hand_Gesture/videos/06/06_Index_08.avi,75,32,300,240
/home/yhu/Datasets/Northwestern_Hand_Gesture/videos/06/06_Thumb_06.avi,30,23,320,229
/home/yhu/Datasets/Northwestern_Hand_Gesture/videos/06/06_SideIndex_15.avi,0,15,320,240
/home/yhu/Datasets/Northwestern_Hand_Gesture/videos/06/06_Hand_09.avi,2,11,320,240
/home/yhu/Datasets/Northwestern_Hand_Gesture/videos/06/06_SideHand_11.avi,60,45,320,240
/home/yhu/Datasets/Northwestern_Hand_Gesture/videos/06/06_SideIndex_08.avi,41,22,320,240
/home/yhu/Datasets/Northwestern_Hand_Gesture/videos/06/06_Hand_02.avi,42,0,320,240
/home/yhu/Datasets/Northwestern_Hand_Gesture/videos/06/06_Thumb_01.avi,81,42,320,240
/home/yhu/Datasets/Northwestern_Hand_Gesture/videos/06/06_SideIndex_10.avi,56,0,320,240
/home/yhu/Datasets/Northwestern_Hand_Gesture/videos/06/06_SideHand_05.avi,26,17,320,230
/home/yhu/Datasets/Northwestern_Hand_Gesture/videos/06/06_Fist_15.avi,43,6,317,240
/home/yhu/Datasets/Northwestern_Hand_Gesture/videos/06/06_Thumb_03.avi,0,0,301,240
/home/yhu/Datasets/Northwestern_Hand_Gesture/videos/06/06_Hold_07.avi,19,0,309,240
/home/yhu/Datasets/Northwestern_Hand_Gesture/videos/06/06_SideHand_10.avi,16,56,320,240
/home/yhu/Datasets/Northwestern_Hand_Gesture/videos/06/06_SideHand_13.avi,48,32,320,234
/home/yhu/Datasets/Northwestern_Hand_Gesture/videos/06/06_Index_10.avi,61,67,293,240
/home/yhu/Datasets/Northwestern_Hand_Gesture/videos/06/06_Fist_09.avi,26,17,320,240
/home/yhu/Datasets/Northwestern_Hand_Gesture/videos/06/06_Index_07.avi,14,0,320,240
/home/yhu/Datasets/Northwestern_Hand_Gesture/videos/06/06_Fist_01.avi,79,65,320,240
/home/yhu/Datasets/Northwestern_Hand_Gesture/videos/06/06_SideHand_04.avi,25,22,320,240
/home/yhu/Datasets/Northwestern_Hand_Gesture/videos/06/06_Hand_13.avi,30,0,295,240
/home/yhu/Datasets/Northwestern_Hand_Gesture/videos/06/06_Index_12.avi,80,66,320,240
/home/yhu/Datasets/Northwestern_Hand_Gesture/videos/06/06_Index_09.avi,52,48,320,240
/home/yhu/Datasets/Northwestern_Hand_Gesture/videos/06/06_Hand_15.avi,37,0,300,240
/home/yhu/Datasets/Northwestern_Hand_Gesture/videos/06/06_Fist_04.avi,36,17,295,240
/home/yhu/Datasets/Northwestern_Hand_Gesture/videos/06/06_Index_05.avi,92,8,310,240
/home/yhu/Datasets/Northwestern_Hand_Gesture/videos/06/06_Thumb_15.avi,69,0,320,240
/home/yhu/Datasets/Northwestern_Hand_Gesture/videos/06/06_Fist_11.avi,74,54,279,240
/home/yhu/Datasets/Northwestern_Hand_Gesture/videos/06/06_Hand_10.avi,34,24,292,240
/home/yhu/Datasets/Northwestern_Hand_Gesture/videos/06/06_Thumb_10.avi,85,22,287,240
/home/yhu/Datasets/Northwestern_Hand_Gesture/videos/06/06_SideIndex_12.avi,82,6,320,240
/home/yhu/Datasets/Northwestern_Hand_Gesture/videos/06/06_SideIndex_01.avi,31,70,320,240
/home/yhu/Datasets/Northwestern_Hand_Gesture/videos/06/06_SideIndex_06.avi,10,0,320,240
/home/yhu/Datasets/Northwestern_Hand_Gesture/videos/06/06_Thumb_08.avi,35,47,316,240
/home/yhu/Datasets/Northwestern_Hand_Gesture/videos/06/06_Fist_06.avi,4,26,317,240
/home/yhu/Datasets/Northwestern_Hand_Gesture/videos/06/06_SideHand_15.avi,43,16,320,240
/home/yhu/Datasets/Northwestern_Hand_Gesture/videos/06/06_Hold_15.avi,24,0,297,240
/home/yhu/Datasets/Northwestern_Hand_Gesture/videos/06/06_Hold_11.avi,98,6,320,240
/home/yhu/Datasets/Northwestern_Hand_Gesture/videos/06/06_Hold_08.avi,34,5,320,240
/home/yhu/Datasets/Northwestern_Hand_Gesture/videos/06/06_Index_01.avi,109,78,308,240
/home/yhu/Datasets/Northwestern_Hand_Gesture/videos/06/06_Fist_10.avi,31,23,308,240
/home/yhu/Datasets/Northwestern_Hand_Gesture/videos/06/06_Hold_13.avi,46,5,294,240
/home/yhu/Datasets/Northwestern_Hand_Gesture/videos/06/06_SideHand_14.avi,23,26,320,240
/home/yhu/Datasets/Northwestern_Hand_Gesture/videos/06/06_Thumb_04.avi,70,27,309,240
/home/yhu/Datasets/Northwestern_Hand_Gesture/videos/06/06_SideIndex_13.avi,88,10,320,204
/home/yhu/Datasets/Northwestern_Hand_Gesture/videos/06/06_Thumb_09.avi,20,45,320,240
/home/yhu/Datasets/Northwestern_Hand_Gesture/videos/06/06_Hold_02.avi,62,0,320,240
/home/yhu/Datasets/Northwestern_Hand_Gesture/videos/06/06_SideIndex_04.avi,58,0,320,240
/home/yhu/Datasets/Northwestern_Hand_Gesture/videos/06/06_Hold_12.avi,56,39,320,240
/home/yhu/Datasets/Northwestern_Hand_Gesture/videos/06/06_Hand_03.avi,27,0,302,240
/home/yhu/Datasets/Northwestern_Hand_Gesture/videos/06/06_Fist_12.avi,15,25,320,240
/home/yhu/Datasets/Northwestern_Hand_Gesture/videos/06/06_Hold_01.avi,81,18,320,240
/home/yhu/Datasets/Northwestern_Hand_Gesture/videos/06/06_Hand_04.avi,69,23,298,240
/home/yhu/Datasets/Northwestern_Hand_Gesture/videos/06/06_SideIndex_11.avi,61,56,320,240
/home/yhu/Datasets/Northwestern_Hand_Gesture/videos/06/06_SideIndex_14.avi,86,3,320,240
/home/yhu/Datasets/Northwestern_Hand_Gesture/videos/06/06_Thumb_05.avi,90,23,301,240
/home/yhu/Datasets/Northwestern_Hand_Gesture/videos/06/06_Fist_07.avi,31,7,320,240
/home/yhu/Datasets/Northwestern_Hand_Gesture/videos/06/06_Hand_01.avi,56,0,320,240
/home/yhu/Datasets/Northwestern_Hand_Gesture/videos/06/06_Thumb_07.avi,27,0,320,240
/home/yhu/Datasets/Northwestern_Hand_Gesture/videos/06/06_Fist_02.avi,67,38,320,240
/home/yhu/Datasets/Northwestern_Hand_Gesture/videos/06/06_Hand_06.avi,57,7,314,240
/home/yhu/Datasets/Northwestern_Hand_Gesture/videos/06/06_SideIndex_07.avi,0,2,320,240
/home/yhu/Datasets/Northwestern_Hand_Gesture/videos/06/06_Hold_05.avi,37,0,316,240
/home/yhu/Datasets/Northwestern_Hand_Gesture/videos/06/06_SideIndex_05.avi,67,0,320,220
/home/yhu/Datasets/Northwestern_Hand_Gesture/videos/06/06_SideHand_09.avi,17,0,320,237
/home/yhu/Datasets/Northwestern_Hand_Gesture/videos/06/06_Thumb_11.avi,38,20,320,240
/home/yhu/Datasets/Northwestern_Hand_Gesture/videos/06/06_SideHand_03.avi,13,34,320,240
/home/yhu/Datasets/Northwestern_Hand_Gesture/videos/06/06_Index_14.avi,125,9,320,240
/home/yhu/Datasets/Northwestern_Hand_Gesture/videos/06/06_Thumb_02.avi,87,71,298,240
/home/yhu/Datasets/Northwestern_Hand_Gesture/videos/06/06_Hand_14.avi,90,0,320,240
/home/yhu/Datasets/Northwestern_Hand_Gesture/videos/06/06_Hold_10.avi,61,0,318,240
/home/yhu/Datasets/Northwestern_Hand_Gesture/videos/06/06_SideHand_07.avi,0,23,320,240
/home/yhu/Datasets/Northwestern_Hand_Gesture/videos/06/06_Hand_12.avi,40,4,320,240
/home/yhu/Datasets/Northwestern_Hand_Gesture/videos/06/06_Index_04.avi,91,28,303,240
/home/yhu/Datasets/Northwestern_Hand_Gesture/videos/06/06_Index_06.avi,19,26,320,240
/home/yhu/Datasets/Northwestern_Hand_Gesture/videos/06/06_Hold_06.avi,45,2,320,240
/home/yhu/Datasets/Northwestern_Hand_Gesture/videos/06/06_SideHand_08.avi,16,0,320,240
/home/yhu/Datasets/Northwestern_Hand_Gesture/videos/06/06_Fist_05.avi,27,12,313,240
/home/yhu/Datasets/Northwestern_Hand_Gesture/videos/06/06_Hold_04.avi,71,0,320,240
/home/yhu/Datasets/Northwestern_Hand_Gesture/videos/07/07_SideHand_05.avi,27,10,320,240
/home/yhu/Datasets/Northwestern_Hand_Gesture/videos/07/07_Index_01.avi,81,105,276,240
/home/yhu/Datasets/Northwestern_Hand_Gesture/videos/07/07_Hand_05.avi,26,0,302,240
/home/yhu/Datasets/Northwestern_Hand_Gesture/videos/07/07_Hand_09.avi,11,0,320,240
/home/yhu/Datasets/Northwestern_Hand_Gesture/videos/07/07_SideIndex_06.avi,13,0,320,240
/home/yhu/Datasets/Northwestern_Hand_Gesture/videos/07/07_Index_02.avi,89,66,308,240
/home/yhu/Datasets/Northwestern_Hand_Gesture/videos/07/07_SideHand_04.avi,3,12,320,240
/home/yhu/Datasets/Northwestern_Hand_Gesture/videos/07/07_SideIndex_11.avi,59,59,320,240
/home/yhu/Datasets/Northwestern_Hand_Gesture/videos/07/07_SideIndex_13.avi,27,7,320,223
/home/yhu/Datasets/Northwestern_Hand_Gesture/videos/07/07_Thumb_15.avi,66,0,320,240
/home/yhu/Datasets/Northwestern_Hand_Gesture/videos/07/07_Hold_07.avi,58,0,320,240
/home/yhu/Datasets/Northwestern_Hand_Gesture/videos/07/07_SideIndex_12.avi,46,0,320,240
/home/yhu/Datasets/Northwestern_Hand_Gesture/videos/07/07_Fist_15.avi,46,9,306,240
/home/yhu/Datasets/Northwestern_Hand_Gesture/videos/07/07_Hand_07.avi,17,0,320,240
/home/yhu/Datasets/Northwestern_Hand_Gesture/videos/07/07_Index_04.avi,66,30,320,240
/home/yhu/Datasets/Northwestern_Hand_Gesture/videos/07/07_Hold_01.avi,58,47,304,240
/home/yhu/Datasets/Northwestern_Hand_Gesture/videos/07/07_Fist_04.avi,20,0,320,240
/home/yhu/Datasets/Northwestern_Hand_Gesture/videos/07/07_Hold_09.avi,61,0,320,240
/home/yhu/Datasets/Northwestern_Hand_Gesture/videos/07/07_Hand_04.avi,31,10,309,240
/home/yhu/Datasets/Northwestern_Hand_Gesture/videos/07/07_Thumb_05.avi,53,8,292,240
/home/yhu/Datasets/Northwestern_Hand_Gesture/videos/07/07_Hand_06.avi,30,0,290,240
/home/yhu/Datasets/Northwestern_Hand_Gesture/videos/07/07_Hold_11.avi,102,0,320,240
/home/yhu/Datasets/Northwestern_Hand_Gesture/videos/07/07_Index_05.avi,81,0,309,240
/home/yhu/Datasets/Northwestern_Hand_Gesture/videos/07/07_SideHand_14.avi,0,17,320,240
/home/yhu/Datasets/Northwestern_Hand_Gesture/videos/07/07_SideIndex_07.avi,0,0,320,240
/home/yhu/Datasets/Northwestern_Hand_Gesture/videos/07/07_Fist_10.avi,35,31,320,240
/home/yhu/Datasets/Northwestern_Hand_Gesture/videos/07/07_Thumb_12.avi,43,10,320,240
/home/yhu/Datasets/Northwestern_Hand_Gesture/videos/07/07_Hold_12.avi,60,25,320,240
/home/yhu/Datasets/Northwestern_Hand_Gesture/videos/07/07_SideHand_15.avi,17,0,320,240
/home/yhu/Datasets/Northwestern_Hand_Gesture/videos/07/07_Hand_02.avi,31,0,320,240
/home/yhu/Datasets/Northwestern_Hand_Gesture/videos/07/07_SideHand_08.avi,41,3,320,240
/home/yhu/Datasets/Northwestern_Hand_Gesture/videos/07/07_SideIndex_04.avi,32,10,320,240
/home/yhu/Datasets/Northwestern_Hand_Gesture/videos/07/07_Fist_14.avi,19,0,320,240
/home/yhu/Datasets/Northwestern_Hand_Gesture/videos/07/07_Hold_03.avi,27,0,302,240
/home/yhu/Datasets/Northwestern_Hand_Gesture/videos/07/07_SideHand_10.avi,51,0,320,240
/home/yhu/Datasets/Northwestern_Hand_Gesture/videos/07/07_Hold_06.avi,43,0,306,240
/home/yhu/Datasets/Northwestern_Hand_Gesture/videos/07/07_Index_14.avi,87,8,320,240
/home/yhu/Datasets/Northwestern_Hand_Gesture/videos/07/07_SideIndex_05.avi,35,9,320,240
/home/yhu/Datasets/Northwestern_Hand_Gesture/videos/07/07_Thumb_06.avi,62,0,320,240
/home/yhu/Datasets/Northwestern_Hand_Gesture/videos/07/07_Fist_08.avi,43,9,320,240
/home/yhu/Datasets/Northwestern_Hand_Gesture/videos/07/07_Hand_13.avi,30,0,277,240
/home/yhu/Datasets/Northwestern_Hand_Gesture/videos/07/07_Fist_11.avi,85,51,311,240
/home/yhu/Datasets/Northwestern_Hand_Gesture/videos/07/07_Fist_12.avi,35,11,320,240
/home/yhu/Datasets/Northwestern_Hand_Gesture/videos/07/07_Index_12.avi,99,54,320,240
/home/yhu/Datasets/Northwestern_Hand_Gesture/videos/07/07_Fist_07.avi,7,29,320,240
/home/yhu/Datasets/Northwestern_Hand_Gesture/videos/07/07_Fist_06.avi,6,3,304,240
/home/yhu/Datasets/Northwestern_Hand_Gesture/videos/07/07_Thumb_11.avi,23,19,320,240
/home/yhu/Datasets/Northwestern_Hand_Gesture/videos/07/07_Hand_01.avi,44,4,284,240
/home/yhu/Datasets/Northwestern_Hand_Gesture/videos/07/07_SideHand_03.avi,14,17,320,240
/home/yhu/Datasets/Northwestern_Hand_Gesture/videos/07/07_SideIndex_15.avi,30,15,320,240
/home/yhu/Datasets/Northwestern_Hand_Gesture/videos/07/07_Index_09.avi,49,44,320,240
/home/yhu/Datasets/Northwestern_Hand_Gesture/videos/07/07_Hand_10.avi,28,16,299,240
/home/yhu/Datasets/Northwestern_Hand_Gesture/videos/07/07_Hold_04.avi,66,0,320,240
/home/yhu/Datasets/Northwestern_Hand_Gesture/videos/07/07_Index_13.avi,41,6,269,240
/home/yhu/Datasets/Northwestern_Hand_Gesture/videos/07/07_Thumb_08.avi,69,40,312,240
/home/yhu/Datasets/Northwestern_Hand_Gesture/videos/07/07_Fist_02.avi,51,45,317,240
/home/yhu/Datasets/Northwestern_Hand_Gesture/videos/07/07_Hold_10.avi,45,0,310,240
/home/yhu/Datasets/Northwestern_Hand_Gesture/videos/07/07_Hand_11.avi,50,0,320,240
/home/yhu/Datasets/Northwestern_Hand_Gesture/videos/07/07_SideHand_02.avi,10,13,320,240
/home/yhu/Datasets/Northwestern_Hand_Gesture/videos/07/07_Thumb_02.avi,90,98,295,240
/home/yhu/Datasets/Northwestern_Hand_Gesture/videos/07/07_SideHand_01.avi,6,62,320,240
/home/yhu/Datasets/Northwestern_Hand_Gesture/videos/07/07_SideHand_09.avi,23,20,320,240
/home/yhu/Datasets/Northwestern_Hand_Gesture/videos/07/07_Hold_08.avi,46,0,320,240
/home/yhu/Datasets/Northwestern_Hand_Gesture/videos/07/07_SideIndex_08.avi,46,30,320,240
/home/yhu/Datasets/Northwestern_Hand_Gesture/videos/07/07_SideIndex_01.avi,14,54,320,240
/home/yhu/Datasets/Northwestern_Hand_Gesture/videos/07/07_Thumb_07.avi,40,0,310,240
/home/yhu/Datasets/Northwestern_Hand_Gesture/videos/07/07_SideIndex_02.avi,51,36,320,240
/home/yhu/Datasets/Northwestern_Hand_Gesture/videos/07/07_Thumb_09.avi,29,25,320,240
/home/yhu/Datasets/Northwestern_Hand_Gesture/videos/07/07_Hand_14.avi,26,0,320,240
/home/yhu/Datasets/Northwestern_Hand_Gesture/videos/07/07_Thumb_10.avi,80,29,289,240
/home/yhu/Datasets/Northwestern_Hand_Gesture/videos/07/07_Hand_15.avi,51,0,312,240
/home/yhu/Datasets/Northwestern_Hand_Gesture/videos/07/07_Thumb_01.avi,68,70,306,240
/home/yhu/Datasets/Northwestern_Hand_Gesture/videos/07/07_Fist_03.avi,26,41,287,240
/home/yhu/Datasets/Northwestern_Hand_Gesture/videos/07/07_Hand_08.avi,7,0,320,240
/home/yhu/Datasets/Northwestern_Hand_Gesture/videos/07/07_Hand_03.avi,34,0,297,240
/home/yhu/Datasets/Northwestern_Hand_Gesture/videos/07/07_Hand_12.avi,35,24,320,240
/home/yhu/Datasets/Northwestern_Hand_Gesture/videos/07/07_SideIndex_10.avi,70,37,320,240
/home/yhu/Datasets/Northwestern_Hand_Gesture/videos/07/07_Thumb_04.avi,80,41,320,240
/home/yhu/Datasets/Northwestern_Hand_Gesture/videos/07/07_SideHand_07.avi,0,0,320,240
/home/yhu/Datasets/Northwestern_Hand_Gesture/videos/07/07_SideIndex_14.avi,52,11,320,240
/home/yhu/Datasets/Northwestern_Hand_Gesture/videos/07/07_Hold_14.avi,72,0,320,240
/home/yhu/Datasets/Northwestern_Hand_Gesture/videos/07/07_Hold_15.avi,34,0,309,240
/home/yhu/Datasets/Northwestern_Hand_Gesture/videos/07/07_Fist_01.avi,59,69,282,240
/home/yhu/Datasets/Northwestern_Hand_Gesture/videos/07/07_Fist_09.avi,46,13,320,240
/home/yhu/Datasets/Northwestern_Hand_Gesture/videos/07/07_SideHand_12.avi,0,21,320,240
/home/yhu/Datasets/Northwestern_Hand_Gesture/videos/07/07_Index_10.avi,56,45,294,240
/home/yhu/Datasets/Northwestern_Hand_Gesture/videos/07/07_Index_15.avi,61,0,300,240
/home/yhu/Datasets/Northwestern_Hand_Gesture/videos/07/07_Thumb_03.avi,3,0,298,240
/home/yhu/Datasets/Northwestern_Hand_Gesture/videos/07/07_SideIndex_09.avi,38,0,320,240
/home/yhu/Datasets/Northwestern_Hand_Gesture/videos/07/07_SideHand_11.avi,45,60,320,240
/home/yhu/Datasets/Northwestern_Hand_Gesture/videos/07/07_Index_08.avi,59,36,287,240
/home/yhu/Datasets/Northwestern_Hand_Gesture/videos/07/07_Hold_02.avi,85,7,320,240
/home/yhu/Datasets/Northwestern_Hand_Gesture/videos/07/07_Hold_13.avi,52,6,288,240
/home/yhu/Datasets/Northwestern_Hand_Gesture/videos/07/07_Index_03.avi,29,0,299,240
/home/yhu/Datasets/Northwestern_Hand_Gesture/videos/07/07_Thumb_14.avi,95,23,320,240
/home/yhu/Datasets/Northwestern_Hand_Gesture/videos/07/07_SideHand_13.avi,20,24,320,240
/home/yhu/Datasets/Northwestern_Hand_Gesture/videos/07/07_SideHand_06.avi,0,0,311,240
/home/yhu/Datasets/Northwestern_Hand_Gesture/videos/07/07_Fist_13.avi,53,32,277,240
/home/yhu/Datasets/Northwestern_Hand_Gesture/videos/07/07_Hold_05.avi,50,3,299,240
/home/yhu/Datasets/Northwestern_Hand_Gesture/videos/07/07_Index_06.avi,28,16,320,240
/home/yhu/Datasets/Northwestern_Hand_Gesture/videos/07/07_Index_07.avi,48,8,292,240
/home/yhu/Datasets/Northwestern_Hand_Gesture/videos/07/07_Index_11.avi,67,0,290,240
/home/yhu/Datasets/Northwestern_Hand_Gesture/videos/07/07_Fist_05.avi,39,26,307,240
/home/yhu/Datasets/Northwestern_Hand_Gesture/videos/07/07_SideIndex_03.avi,11,24,317,240
/home/yhu/Datasets/Northwestern_Hand_Gesture/videos/07/07_Thumb_13.avi,28,8,320,240
/home/yhu/Datasets/Northwestern_Hand_Gesture/videos/05/05_Index_15.avi,62,16,263,240
/home/yhu/Datasets/Northwestern_Hand_Gesture/videos/05/05_SideIndex_10.avi,71,4,320,240
/home/yhu/Datasets/Northwestern_Hand_Gesture/videos/05/05_SideHand_01.avi,0,116,320,240
/home/yhu/Datasets/Northwestern_Hand_Gesture/videos/05/05_Hand_15.avi,41,0,277,240
/home/yhu/Datasets/Northwestern_Hand_Gesture/videos/05/05_SideIndex_02.avi,46,16,320,240
/home/yhu/Datasets/Northwestern_Hand_Gesture/videos/05/05_Thumb_05.avi,85,0,320,240
/home/yhu/Datasets/Northwestern_Hand_Gesture/videos/05/05_Fist_13.avi,27,39,267,240
/home/yhu/Datasets/Northwestern_Hand_Gesture/videos/05/05_Fist_09.avi,5,9,320,240
/home/yhu/Datasets/Northwestern_Hand_Gesture/videos/05/05_Index_07.avi,53,46,288,240
/home/yhu/Datasets/Northwestern_Hand_Gesture/videos/05/05_SideIndex_04.avi,67,0,320,240
/home/yhu/Datasets/Northwestern_Hand_Gesture/videos/05/05_Fist_10.avi,68,0,320,240
/home/yhu/Datasets/Northwestern_Hand_Gesture/videos/05/05_Index_02.avi,46,31,269,240
/home/yhu/Datasets/Northwestern_Hand_Gesture/videos/05/05_Fist_05.avi,52,35,296,240
/home/yhu/Datasets/Northwestern_Hand_Gesture/videos/05/05_Hand_10.avi,48,76,287,240
/home/yhu/Datasets/Northwestern_Hand_Gesture/videos/05/05_SideHand_08.avi,9,0,320,240
/home/yhu/Datasets/Northwestern_Hand_Gesture/videos/05/05_SideHand_02.avi,0,0,320,240
/home/yhu/Datasets/Northwestern_Hand_Gesture/videos/05/05_Hold_15.avi,18,0,281,240
/home/yhu/Datasets/Northwestern_Hand_Gesture/videos/05/05_Hand_05.avi,30,8,258,240
/home/yhu/Datasets/Northwestern_Hand_Gesture/videos/05/05_Hold_13.avi,34,24,256,240
/home/yhu/Datasets/Northwestern_Hand_Gesture/videos/05/05_Hold_11.avi,47,12,281,240
/home/yhu/Datasets/Northwestern_Hand_Gesture/videos/05/05_Hand_03.avi,18,0,297,240
/home/yhu/Datasets/Northwestern_Hand_Gesture/videos/05/05_Hand_13.avi,16,0,270,240
/home/yhu/Datasets/Northwestern_Hand_Gesture/videos/05/05_Hand_06.avi,29,9,320,240
/home/yhu/Datasets/Northwestern_Hand_Gesture/videos/05/05_SideIndex_13.avi,22,9,301,222
/home/yhu/Datasets/Northwestern_Hand_Gesture/videos/05/05_SideIndex_01.avi,12,87,320,240
/home/yhu/Datasets/Northwestern_Hand_Gesture/videos/05/05_Index_03.avi,24,13,268,240
/home/yhu/Datasets/Northwestern_Hand_Gesture/videos/05/05_Hold_08.avi,24,0,320,240
/home/yhu/Datasets/Northwestern_Hand_Gesture/videos/05/05_SideIndex_06.avi,25,0,287,240
/home/yhu/Datasets/Northwestern_Hand_Gesture/videos/05/05_Fist_11.avi,31,58,279,240
/home/yhu/Datasets/Northwestern_Hand_Gesture/videos/05/05_Thumb_12.avi,69,11,316,240
/home/yhu/Datasets/Northwestern_Hand_Gesture/videos/05/05_SideHand_10.avi,91,0,320,240
/home/yhu/Datasets/Northwestern_Hand_Gesture/videos/05/05_SideHand_15.avi,21,0,320,240
/home/yhu/Datasets/Northwestern_Hand_Gesture/videos/05/05_Fist_01.avi,61,88,297,240
/home/yhu/Datasets/Northwestern_Hand_Gesture/videos/05/05_Fist_03.avi,13,41,255,240
/home/yhu/Datasets/Northwestern_Hand_Gesture/videos/05/05_Hand_04.avi,49,5,292,240
/home/yhu/Datasets/Northwestern_Hand_Gesture/videos/05/05_Hand_07.avi,0,0,293,240
/home/yhu/Datasets/Northwestern_Hand_Gesture/videos/05/05_Hand_08.avi,0,7,318,240
/home/yhu/Datasets/Northwestern_Hand_Gesture/videos/05/05_SideHand_05.avi,15,20,320,226
/home/yhu/Datasets/Northwestern_Hand_Gesture/videos/05/05_Fist_07.avi,42,51,320,240
/home/yhu/Datasets/Northwestern_Hand_Gesture/videos/05/05_Hand_12.avi,53,12,320,240
/home/yhu/Datasets/Northwestern_Hand_Gesture/videos/05/05_Thumb_08.avi,36,59,278,240
/home/yhu/Datasets/Northwestern_Hand_Gesture/videos/05/05_Index_14.avi,114,5,320,240
/home/yhu/Datasets/Northwestern_Hand_Gesture/videos/05/05_SideHand_09.avi,0,0,320,240
/home/yhu/Datasets/Northwestern_Hand_Gesture/videos/05/05_Index_05.avi,99,17,304,240
/home/yhu/Datasets/Northwestern_Hand_Gesture/videos/05/05_Hold_06.avi,39,0,287,240
/home/yhu/Datasets/Northwestern_Hand_Gesture/videos/05/05_Index_01.avi,87,82,285,240
/home/yhu/Datasets/Northwestern_Hand_Gesture/videos/05/05_Hold_10.avi,45,0,320,240
/home/yhu/Datasets/Northwestern_Hand_Gesture/videos/05/05_Hold_04.avi,82,0,314,240
/home/yhu/Datasets/Northwestern_Hand_Gesture/videos/05/05_Index_11.avi,59,0,313,240
/home/yhu/Datasets/Northwestern_Hand_Gesture/videos/05/05_Hold_09.avi,10,7,320,240
/home/yhu/Datasets/Northwestern_Hand_Gesture/videos/05/05_Index_09.avi,17,34,307,240
/home/yhu/Datasets/Northwestern_Hand_Gesture/videos/05/05_SideIndex_12.avi,33,9,320,240
/home/yhu/Datasets/Northwestern_Hand_Gesture/videos/05/05_Fist_08.avi,34,5,307,240
/home/yhu/Datasets/Northwestern_Hand_Gesture/videos/05/05_Thumb_15.avi,37,0,296,240
/home/yhu/Datasets/Northwestern_Hand_Gesture/videos/05/05_Hold_07.avi,48,0,312,240
/home/yhu/Datasets/Northwestern_Hand_Gesture/videos/05/05_SideHand_11.avi,27,19,320,240
/home/yhu/Datasets/Northwestern_Hand_Gesture/videos/05/05_Index_04.avi,101,29,320,240
/home/yhu/Datasets/Northwestern_Hand_Gesture/videos/05/05_Hold_14.avi,57,0,320,240
/home/yhu/Datasets/Northwestern_Hand_Gesture/videos/05/05_Thumb_07.avi,20,0,312,240
/home/yhu/Datasets/Northwestern_Hand_Gesture/videos/05/05_SideHand_03.avi,9,33,320,240
/home/yhu/Datasets/Northwestern_Hand_Gesture/videos/05/05_SideIndex_15.avi,0,19,320,240
/home/yhu/Datasets/Northwestern_Hand_Gesture/videos/05/05_Hold_12.avi,58,21,320,240
/home/yhu/Datasets/Northwestern_Hand_Gesture/videos/05/05_SideHand_14.avi,14,26,320,240
/home/yhu/Datasets/Northwestern_Hand_Gesture/videos/05/05_Fist_14.avi,60,0,320,240
/home/yhu/Datasets/Northwestern_Hand_Gesture/videos/05/05_Thumb_04.avi,104,10,295,240
/home/yhu/Datasets/Northwestern_Hand_Gesture/videos/05/05_Fist_06.avi,25,17,274,240
/home/yhu/Datasets/Northwestern_Hand_Gesture/videos/05/05_Hold_02.avi,46,0,304,240
/home/yhu/Datasets/Northwestern_Hand_Gesture/videos/05/05_Fist_04.avi,31,14,320,240
/home/yhu/Datasets/Northwestern_Hand_Gesture/videos/05/05_SideIndex_11.avi,9,54,296,240
/home/yhu/Datasets/Northwestern_Hand_Gesture/videos/05/05_Hand_01.avi,38,36,306,240
/home/yhu/Datasets/Northwestern_Hand_Gesture/videos/05/05_SideHand_04.avi,3,25,320,236
/home/yhu/Datasets/Northwestern_Hand_Gesture/videos/05/05_Thumb_11.avi,23,0,320,240
/home/yhu/Datasets/Northwestern_Hand_Gesture/videos/05/05_Hold_03.avi,21,0,274,240
/home/yhu/Datasets/Northwestern_Hand_Gesture/videos/05/05_SideHand_07.avi,0,0,320,240
/home/yhu/Datasets/Northwestern_Hand_Gesture/videos/05/05_Thumb_02.avi,50,59,261,240
/home/yhu/Datasets/Northwestern_Hand_Gesture/videos/05/05_Index_13.avi,26,16,242,240
/home/yhu/Datasets/Northwestern_Hand_Gesture/videos/05/05_Hand_14.avi,47,0,320,240
/home/yhu/Datasets/Northwestern_Hand_Gesture/videos/05/05_Thumb_09.avi,14,0,306,240
/home/yhu/Datasets/Northwestern_Hand_Gesture/videos/05/05_Thumb_06.avi,32,35,294,240
/home/yhu/Datasets/Northwestern_Hand_Gesture/videos/05/05_SideHand_06.avi,22,0,283,240
/home/yhu/Datasets/Northwestern_Hand_Gesture/videos/05/05_Thumb_10.avi,110,165,240,240
/home/yhu/Datasets/Northwestern_Hand_Gesture/videos/05/05_Thumb_14.avi,116,14,320,240
/home/yhu/Datasets/Northwestern_Hand_Gesture/videos/05/05_Hold_01.avi,58,49,317,240
/home/yhu/Datasets/Northwestern_Hand_Gesture/videos/05/05_SideIndex_03.avi,17,25,320,240
/home/yhu/Datasets/Northwestern_Hand_Gesture/videos/05/05_Thumb_01.avi,56,70,320,240
/home/yhu/Datasets/Northwestern_Hand_Gesture/videos/05/05_Fist_02.avi,46,45,293,240
/home/yhu/Datasets/Northwestern_Hand_Gesture/videos/05/05_SideHand_13.avi,10,10,320,240
/home/yhu/Datasets/Northwestern_Hand_Gesture/videos/05/05_Fist_15.avi,44,0,278,240
/home/yhu/Datasets/Northwestern_Hand_Gesture/videos/05/05_Hand_09.avi,0,0,320,240
/home/yhu/Datasets/Northwestern_Hand_Gesture/videos/05/05_Hold_05.avi,60,37,292,240
/home/yhu/Datasets/Northwestern_Hand_Gesture/videos/05/05_SideIndex_08.avi,30,44,320,240
/home/yhu/Datasets/Northwestern_Hand_Gesture/videos/05/05_Thumb_03.avi,0,9,289,240
/home/yhu/Datasets/Northwestern_Hand_Gesture/videos/05/05_Thumb_13.avi,36,0,310,240
/home/yhu/Datasets/Northwestern_Hand_Gesture/videos/05/05_Hand_11.avi,6,0,320,240
/home/yhu/Datasets/Northwestern_Hand_Gesture/videos/05/05_SideIndex_14.avi,33,20,320,240
/home/yhu/Datasets/Northwestern_Hand_Gesture/videos/05/05_Index_08.avi,37,36,290,240
/home/yhu/Datasets/Northwestern_Hand_Gesture/videos/05/05_SideIndex_07.avi,0,0,320,240
/home/yhu/Datasets/Northwestern_Hand_Gesture/videos/05/05_Hand_02.avi,0,0,308,240
/home/yhu/Datasets/Northwestern_Hand_Gesture/videos/05/05_SideIndex_09.avi,0,0,320,237
/home/yhu/Datasets/Northwestern_Hand_Gesture/videos/05/05_Index_12.avi,114,51,320,240
/home/yhu/Datasets/Northwestern_Hand_Gesture/videos/05/05_SideHand_12.avi,23,12,320,240
/home/yhu/Datasets/Northwestern_Hand_Gesture/videos/05/05_Fist_12.avi,32,0,320,240
/home/yhu/Datasets/Northwestern_Hand_Gesture/videos/05/05_Index_06.avi,53,12,296,240
/home/yhu/Datasets/Northwestern_Hand_Gesture/videos/05/05_Index_10.avi,93,26,320,240
/home/yhu/Datasets/Northwestern_Hand_Gesture/videos/05/05_SideIndex_05.avi,41,19,320,224
/home/yhu/Datasets/Northwestern_Hand_Gesture/videos/02/02_Hold_09.avi,48,7,315,240
/home/yhu/Datasets/Northwestern_Hand_Gesture/videos/02/02_Hand_09.avi,5,33,320,240
/home/yhu/Datasets/Northwestern_Hand_Gesture/videos/02/02_Fist_08.avi,26,53,320,240
/home/yhu/Datasets/Northwestern_Hand_Gesture/videos/02/02_SideHand_10.avi,36,74,320,240
/home/yhu/Datasets/Northwestern_Hand_Gesture/videos/02/02_SideHand_08.avi,27,60,320,229
/home/yhu/Datasets/Northwestern_Hand_Gesture/videos/02/02_Hand_05.avi,32,20,306,240
/home/yhu/Datasets/Northwestern_Hand_Gesture/videos/02/02_SideIndex_15.avi,14,67,320,240
/home/yhu/Datasets/Northwestern_Hand_Gesture/videos/02/02_Index_11.avi,81,14,320,240
/home/yhu/Datasets/Northwestern_Hand_Gesture/videos/02/02_Thumb_08.avi,20,47,302,240
/home/yhu/Datasets/Northwestern_Hand_Gesture/videos/02/02_Thumb_06.avi,39,46,312,225
/home/yhu/Datasets/Northwestern_Hand_Gesture/videos/02/02_SideIndex_06.avi,64,24,320,174
/home/yhu/Datasets/Northwestern_Hand_Gesture/videos/02/02_SideIndex_10.avi,44,92,320,240
/home/yhu/Datasets/Northwestern_Hand_Gesture/videos/02/02_SideHand_06.avi,49,74,320,190
/home/yhu/Datasets/Northwestern_Hand_Gesture/videos/02/02_SideIndex_09.avi,17,54,320,211
/home/yhu/Datasets/Northwestern_Hand_Gesture/videos/02/02_Hold_10.avi,37,7,317,240
/home/yhu/Datasets/Northwestern_Hand_Gesture/videos/02/02_Fist_07.avi,20,84,320,240
/home/yhu/Datasets/Northwestern_Hand_Gesture/videos/02/02_Hold_03.avi,29,36,294,240
/home/yhu/Datasets/Northwestern_Hand_Gesture/videos/02/02_Hold_06.avi,27,48,306,240
/home/yhu/Datasets/Northwestern_Hand_Gesture/videos/02/02_Hand_14.avi,22,0,304,240
/home/yhu/Datasets/Northwestern_Hand_Gesture/videos/02/02_Hold_05.avi,42,34,306,240
/home/yhu/Datasets/Northwestern_Hand_Gesture/videos/02/02_Fist_06.avi,23,75,309,216
/home/yhu/Datasets/Northwestern_Hand_Gesture/videos/02/02_Index_09.avi,50,58,318,240
/home/yhu/Datasets/Northwestern_Hand_Gesture/videos/02/02_Hold_04.avi,85,33,320,240
/home/yhu/Datasets/Northwestern_Hand_Gesture/videos/02/02_Thumb_05.avi,74,46,308,240
/home/yhu/Datasets/Northwestern_Hand_Gesture/videos/02/02_Thumb_12.avi,68,40,320,240
/home/yhu/Datasets/Northwestern_Hand_Gesture/videos/02/02_Hold_02.avi,54,45,320,240
/home/yhu/Datasets/Northwestern_Hand_Gesture/videos/02/02_Thumb_01.avi,23,49,278,240
/home/yhu/Datasets/Northwestern_Hand_Gesture/videos/02/02_Fist_13.avi,53,78,298,240
/home/yhu/Datasets/Northwestern_Hand_Gesture/videos/02/02_SideHand_07.avi,12,63,320,240
/home/yhu/Datasets/Northwestern_Hand_Gesture/videos/02/02_Hold_11.avi,87,31,320,240
/home/yhu/Datasets/Northwestern_Hand_Gesture/videos/02/02_SideIndex_13.avi,75,44,276,175
/home/yhu/Datasets/Northwestern_Hand_Gesture/videos/02/02_SideIndex_11.avi,36,85,320,230
/home/yhu/Datasets/Northwestern_Hand_Gesture/videos/02/02_Index_15.avi,81,28,310,240
/home/yhu/Datasets/Northwestern_Hand_Gesture/videos/02/02_Index_05.avi,86,28,318,240
/home/yhu/Datasets/Northwestern_Hand_Gesture/videos/02/02_Hand_11.avi,60,20,320,240
/home/yhu/Datasets/Northwestern_Hand_Gesture/videos/02/02_Thumb_11.avi,26,23,289,192
/home/yhu/Datasets/Northwestern_Hand_Gesture/videos/02/02_Thumb_15.avi,53,52,320,240
/home/yhu/Datasets/Northwestern_Hand_Gesture/videos/02/02_Fist_15.avi,61,44,317,240
/home/yhu/Datasets/Northwestern_Hand_Gesture/videos/02/02_Hold_07.avi,24,38,320,240
/home/yhu/Datasets/Northwestern_Hand_Gesture/videos/02/02_Fist_03.avi,30,78,311,240
/home/yhu/Datasets/Northwestern_Hand_Gesture/videos/02/02_SideIndex_01.avi,95,44,320,240
/home/yhu/Datasets/Northwestern_Hand_Gesture/videos/02/02_Index_14.avi,68,28,293,240
/home/yhu/Datasets/Northwestern_Hand_Gesture/videos/02/02_SideHand_14.avi,14,52,320,199
/home/yhu/Datasets/Northwestern_Hand_Gesture/videos/02/02_Hold_12.avi,34,63,320,240
/home/yhu/Datasets/Northwestern_Hand_Gesture/videos/02/02_Fist_10.avi,25,59,320,240
/home/yhu/Datasets/Northwestern_Hand_Gesture/videos/02/02_Hand_02.avi,36,12,320,240
/home/yhu/Datasets/Northwestern_Hand_Gesture/videos/02/02_Hold_08.avi,43,14,320,240
/home/yhu/Datasets/Northwestern_Hand_Gesture/videos/02/02_SideHand_15.avi,29,70,320,240
/home/yhu/Datasets/Northwestern_Hand_Gesture/videos/02/02_SideIndex_14.avi,91,51,320,223
/home/yhu/Datasets/Northwestern_Hand_Gesture/videos/02/02_Index_12.avi,74,100,306,240
/home/yhu/Datasets/Northwestern_Hand_Gesture/videos/02/02_Index_04.avi,57,55,271,240
/home/yhu/Datasets/Northwestern_Hand_Gesture/videos/02/02_Index_06.avi,24,57,320,240
/home/yhu/Datasets/Northwestern_Hand_Gesture/videos/02/02_SideHand_09.avi,0,67,320,240
/home/yhu/Datasets/Northwestern_Hand_Gesture/videos/02/02_Hand_04.avi,27,18,296,240
/home/yhu/Datasets/Northwestern_Hand_Gesture/videos/02/02_SideIndex_12.avi,59,77,320,240
/home/yhu/Datasets/Northwestern_Hand_Gesture/videos/02/02_SideIndex_05.avi,68,41,320,175
/home/yhu/Datasets/Northwestern_Hand_Gesture/videos/02/02_Hand_13.avi,9,9,320,210
/home/yhu/Datasets/Northwestern_Hand_Gesture/videos/02/02_SideHand_01.avi,28,72,317,240
/home/yhu/Datasets/Northwestern_Hand_Gesture/videos/02/02_SideHand_12.avi,0,66,320,240
/home/yhu/Datasets/Northwestern_Hand_Gesture/videos/02/02_Fist_11.avi,57,75,318,235
/home/yhu/Datasets/Northwestern_Hand_Gesture/videos/02/02_Index_03.avi,15,21,312,240
/home/yhu/Datasets/Northwestern_Hand_Gesture/videos/02/02_SideIndex_07.avi,0,66,320,240
/home/yhu/Datasets/Northwestern_Hand_Gesture/videos/02/02_Fist_02.avi,49,60,320,240
/home/yhu/Datasets/Northwestern_Hand_Gesture/videos/02/02_Index_01.avi,23,25,279,240
/home/yhu/Datasets/Northwestern_Hand_Gesture/videos/02/02_Thumb_02.avi,109,77,312,240
/home/yhu/Datasets/Northwestern_Hand_Gesture/videos/02/02_Thumb_09.avi,44,58,300,240
/home/yhu/Datasets/Northwestern_Hand_Gesture/videos/02/02_Thumb_07.avi,22,75,320,240
/home/yhu/Datasets/Northwestern_Hand_Gesture/videos/02/02_SideHand_03.avi,17,103,320,240
/home/yhu/Datasets/Northwestern_Hand_Gesture/videos/02/02_Thumb_10.avi,52,76,268,240
/home/yhu/Datasets/Northwestern_Hand_Gesture/videos/02/02_Fist_12.avi,30,91,320,240
/home/yhu/Datasets/Northwestern_Hand_Gesture/videos/02/02_SideIndex_08.avi,32,42,320,240
/home/yhu/Datasets/Northwestern_Hand_Gesture/videos/02/02_Fist_09.avi,39,65,311,240
/home/yhu/Datasets/Northwestern_Hand_Gesture/videos/02/02_Fist_05.avi,36,61,320,240
/home/yhu/Datasets/Northwestern_Hand_Gesture/videos/02/02_SideHand_13.avi,58,36,266,112
/home/yhu/Datasets/Northwestern_Hand_Gesture/videos/02/02_SideHand_05.avi,34,80,241,200
/home/yhu/Datasets/Northwestern_Hand_Gesture/videos/02/02_Index_13.avi,46,39,316,240
/home/yhu/Datasets/Northwestern_Hand_Gesture/videos/02/02_SideIndex_03.avi,30,97,320,240
/home/yhu/Datasets/Northwestern_Hand_Gesture/videos/02/02_Hand_15.avi,48,25,314,240
/home/yhu/Datasets/Northwestern_Hand_Gesture/videos/02/02_SideHand_04.avi,36,90,320,198
/home/yhu/Datasets/Northwestern_Hand_Gesture/videos/02/02_Hand_03.avi,26,64,302,240
/home/yhu/Datasets/Northwestern_Hand_Gesture/videos/02/02_Hand_06.avi,42,34,298,240
/home/yhu/Datasets/Northwestern_Hand_Gesture/videos/02/02_Fist_04.avi,54,45,307,240
/home/yhu/Datasets/Northwestern_Hand_Gesture/videos/02/02_SideHand_11.avi,29,75,320,219
/home/yhu/Datasets/Northwestern_Hand_Gesture/videos/02/02_Hand_01.avi,107,6,320,240
/home/yhu/Datasets/Northwestern_Hand_Gesture/videos/02/02_Thumb_04.avi,99,53,292,240
/home/yhu/Datasets/Northwestern_Hand_Gesture/videos/02/02_Hold_14.avi,27,0,290,240
/home/yhu/Datasets/Northwestern_Hand_Gesture/videos/02/02_Fist_01.avi,29,74,292,240
/home/yhu/Datasets/Northwestern_Hand_Gesture/videos/02/02_Hold_15.avi,11,14,315,240
/home/yhu/Datasets/Northwestern_Hand_Gesture/videos/02/02_Hold_01.avi,7,29,289,240
/home/yhu/Datasets/Northwestern_Hand_Gesture/videos/02/02_Hand_12.avi,28,46,307,240
/home/yhu/Datasets/Northwestern_Hand_Gesture/videos/02/02_SideIndex_02.avi,71,75,320,235
/home/yhu/Datasets/Northwestern_Hand_Gesture/videos/02/02_Index_02.avi,78,67,311,240
/home/yhu/Datasets/Northwestern_Hand_Gesture/videos/02/02_SideIndex_04.avi,104,48,320,240
/home/yhu/Datasets/Northwestern_Hand_Gesture/videos/02/02_Index_08.avi,41,50,320,240
/home/yhu/Datasets/Northwestern_Hand_Gesture/videos/02/02_Hand_08.avi,0,19,320,240
/home/yhu/Datasets/Northwestern_Hand_Gesture/videos/02/02_Hand_07.avi,0,29,320,240
/home/yhu/Datasets/Northwestern_Hand_Gesture/videos/02/02_Thumb_14.avi,93,0,312,240
/home/yhu/Datasets/Northwestern_Hand_Gesture/videos/02/02_Index_07.avi,16,40,320,240
/home/yhu/Datasets/Northwestern_Hand_Gesture/videos/02/02_Fist_14.avi,44,57,320,240
/home/yhu/Datasets/Northwestern_Hand_Gesture/videos/02/02_Index_10.avi,64,77,312,240
/home/yhu/Datasets/Northwestern_Hand_Gesture/videos/02/02_SideHand_02.avi,15,63,320,240
/home/yhu/Datasets/Northwestern_Hand_Gesture/videos/02/02_Thumb_13.avi,32,31,320,240
/home/yhu/Datasets/Northwestern_Hand_Gesture/videos/02/02_Thumb_03.avi,2,42,309,240
/home/yhu/Datasets/Northwestern_Hand_Gesture/videos/02/02_Hand_10.avi,32,23,320,240
/home/yhu/Datasets/Northwestern_Hand_Gesture/videos/02/02_Hold_13.avi,36,26,311,240
/home/yhu/Datasets/Northwestern_Hand_Gesture/videos/04/04_SideHand_08.avi,47,0,320,236
/home/yhu/Datasets/Northwestern_Hand_Gesture/videos/04/04_Hand_10.avi,67,6,313,240
/home/yhu/Datasets/Northwestern_Hand_Gesture/videos/04/04_Thumb_14.avi,88,0,320,240
/home/yhu/Datasets/Northwestern_Hand_Gesture/videos/04/04_SideIndex_08.avi,38,14,320,240
/home/yhu/Datasets/Northwestern_Hand_Gesture/videos/04/04_Index_15.avi,48,0,293,240
/home/yhu/Datasets/Northwestern_Hand_Gesture/videos/04/04_Fist_07.avi,47,0,320,240
/home/yhu/Datasets/Northwestern_Hand_Gesture/videos/04/04_Hold_12.avi,73,33,320,240
/home/yhu/Datasets/Northwestern_Hand_Gesture/videos/04/04_Thumb_07.avi,21,0,300,240
/home/yhu/Datasets/Northwestern_Hand_Gesture/videos/04/04_SideHand_05.avi,63,2,320,214
/home/yhu/Datasets/Northwestern_Hand_Gesture/videos/04/04_Fist_12.avi,51,15,320,240
/home/yhu/Datasets/Northwestern_Hand_Gesture/videos/04/04_SideHand_07.avi,0,0,320,240
/home/yhu/Datasets/Northwestern_Hand_Gesture/videos/04/04_Fist_04.avi,83,35,272,240
/home/yhu/Datasets/Northwestern_Hand_Gesture/videos/04/04_Index_09.avi,68,14,295,240
/home/yhu/Datasets/Northwestern_Hand_Gesture/videos/04/04_Hold_09.avi,44,0,289,240
/home/yhu/Datasets/Northwestern_Hand_Gesture/videos/04/04_Thumb_02.avi,69,45,320,240
/home/yhu/Datasets/Northwestern_Hand_Gesture/videos/04/04_SideHand_12.avi,20,15,320,240
/home/yhu/Datasets/Northwestern_Hand_Gesture/videos/04/04_SideIndex_09.avi,41,0,261,222
/home/yhu/Datasets/Northwestern_Hand_Gesture/videos/04/04_Index_05.avi,93,15,320,240
/home/yhu/Datasets/Northwestern_Hand_Gesture/videos/04/04_Hand_04.avi,82,41,289,240
/home/yhu/Datasets/Northwestern_Hand_Gesture/videos/04/04_SideHand_11.avi,36,22,320,240
/home/yhu/Datasets/Northwestern_Hand_Gesture/videos/04/04_SideIndex_10.avi,88,11,320,240
/home/yhu/Datasets/Northwestern_Hand_Gesture/videos/04/04_Thumb_10.avi,40,28,256,207
/home/yhu/Datasets/Northwestern_Hand_Gesture/videos/04/04_Hand_13.avi,18,6,286,237
/home/yhu/Datasets/Northwestern_Hand_Gesture/videos/04/04_Thumb_15.avi,22,0,292,240
/home/yhu/Datasets/Northwestern_Hand_Gesture/videos/04/04_SideIndex_05.avi,70,6,320,240
/home/yhu/Datasets/Northwestern_Hand_Gesture/videos/04/04_SideIndex_12.avi,58,4,320,240
/home/yhu/Datasets/Northwestern_Hand_Gesture/videos/04/04_Hold_03.avi,25,0,300,240
/home/yhu/Datasets/Northwestern_Hand_Gesture/videos/04/04_Index_14.avi,117,16,310,191
/home/yhu/Datasets/Northwestern_Hand_Gesture/videos/04/04_Index_04.avi,101,22,285,240
/home/yhu/Datasets/Northwestern_Hand_Gesture/videos/04/04_Hand_14.avi,65,0,318,228
/home/yhu/Datasets/Northwestern_Hand_Gesture/videos/04/04_Index_02.avi,59,15,320,240
/home/yhu/Datasets/Northwestern_Hand_Gesture/videos/04/04_Fist_14.avi,74,31,320,240
/home/yhu/Datasets/Northwestern_Hand_Gesture/videos/04/04_Hand_05.avi,50,15,320,240
/home/yhu/Datasets/Northwestern_Hand_Gesture/videos/04/04_Fist_01.avi,58,93,264,240
/home/yhu/Datasets/Northwestern_Hand_Gesture/videos/04/04_Hold_08.avi,25,0,320,240
/home/yhu/Datasets/Northwestern_Hand_Gesture/videos/04/04_SideHand_04.avi,31,24,320,240
/home/yhu/Datasets/Northwestern_Hand_Gesture/videos/04/04_SideIndex_11.avi,33,32,305,240
/home/yhu/Datasets/Northwestern_Hand_Gesture/videos/04/04_SideIndex_06.avi,68,14,314,240
/home/yhu/Datasets/Northwestern_Hand_Gesture/videos/04/04_Fist_09.avi,36,0,238,223
/home/yhu/Datasets/Northwestern_Hand_Gesture/videos/04/04_Hand_02.avi,47,0,320,240
/home/yhu/Datasets/Northwestern_Hand_Gesture/videos/04/04_SideIndex_02.avi,57,0,320,240
/home/yhu/Datasets/Northwestern_Hand_Gesture/videos/04/04_SideHand_01.avi,30,21,320,240
/home/yhu/Datasets/Northwestern_Hand_Gesture/videos/04/04_SideHand_15.avi,50,0,320,240
/home/yhu/Datasets/Northwestern_Hand_Gesture/videos/04/04_SideHand_03.avi,15,0,298,240
/home/yhu/Datasets/Northwestern_Hand_Gesture/videos/04/04_SideHand_13.avi,37,16,259,185
/home/yhu/Datasets/Northwestern_Hand_Gesture/videos/04/04_Hand_12.avi,34,8,317,240
/home/yhu/Datasets/Northwestern_Hand_Gesture/videos/04/04_Fist_05.avi,86,43,296,240
/home/yhu/Datasets/Northwestern_Hand_Gesture/videos/04/04_Thumb_05.avi,70,0,320,240
/home/yhu/Datasets/Northwestern_Hand_Gesture/videos/04/04_SideHand_06.avi,51,10,266,240
/home/yhu/Datasets/Northwestern_Hand_Gesture/videos/04/04_Hold_07.avi,59,0,320,240
/home/yhu/Datasets/Northwestern_Hand_Gesture/videos/04/04_SideIndex_14.avi,72,17,320,240
/home/yhu/Datasets/Northwestern_Hand_Gesture/videos/04/04_Index_08.avi,12,34,294,240
/home/yhu/Datasets/Northwestern_Hand_Gesture/videos/04/04_Fist_11.avi,42,48,289,240
/home/yhu/Datasets/Northwestern_Hand_Gesture/videos/04/04_Fist_15.avi,65,9,320,240
/home/yhu/Datasets/Northwestern_Hand_Gesture/videos/04/04_Index_06.avi,83,11,283,240
/home/yhu/Datasets/Northwestern_Hand_Gesture/videos/04/04_Hold_15.avi,18,0,288,240
/home/yhu/Datasets/Northwestern_Hand_Gesture/videos/04/04_SideHand_02.avi,45,0,320,240
/home/yhu/Datasets/Northwestern_Hand_Gesture/videos/04/04_SideIndex_07.avi,0,0,320,240
/home/yhu/Datasets/Northwestern_Hand_Gesture/videos/04/04_Hand_11.avi,33,2,311,240
/home/yhu/Datasets/Northwestern_Hand_Gesture/videos/04/04_Thumb_09.avi,0,13,256,240
/home/yhu/Datasets/Northwestern_Hand_Gesture/videos/04/04_Hold_04.avi,71,14,284,228
/home/yhu/Datasets/Northwestern_Hand_Gesture/videos/04/04_SideIndex_04.avi,74,34,320,240
/home/yhu/Datasets/Northwestern_Hand_Gesture/videos/04/04_SideHand_09.avi,0,0,245,240
/home/yhu/Datasets/Northwestern_Hand_Gesture/videos/04/04_Hold_05.avi,75,18,320,240
/home/yhu/Datasets/Northwestern_Hand_Gesture/videos/04/04_Hold_06.avi,78,40,280,204
/home/yhu/Datasets/Northwestern_Hand_Gesture/videos/04/04_Index_07.avi,27,0,295,240
/home/yhu/Datasets/Northwestern_Hand_Gesture/videos/04/04_Index_03.avi,30,0,288,240
/home/yhu/Datasets/Northwestern_Hand_Gesture/videos/04/04_Hold_01.avi,86,7,320,240
/home/yhu/Datasets/Northwestern_Hand_Gesture/videos/04/04_Hand_07.avi,28,0,317,240
/home/yhu/Datasets/Northwestern_Hand_Gesture/videos/04/04_Hand_06.avi,55,32,278,240
/home/yhu/Datasets/Northwestern_Hand_Gesture/videos/04/04_SideHand_10.avi,65,4,320,240
/home/yhu/Datasets/Northwestern_Hand_Gesture/videos/04/04_Hold_10.avi,36,0,320,240
/home/yhu/Datasets/Northwestern_Hand_Gesture/videos/04/04_Hand_08.avi,10,0,320,240
/home/yhu/Datasets/Northwestern_Hand_Gesture/videos/04/04_Hold_13.avi,22,19,255,221
/home/yhu/Datasets/Northwestern_Hand_Gesture/videos/04/04_Thumb_13.avi,38,18,305,240
/home/yhu/Datasets/Northwestern_Hand_Gesture/videos/04/04_Hold_14.avi,81,0,320,240
/home/yhu/Datasets/Northwestern_Hand_Gesture/videos/04/04_Hold_02.avi,73,2,320,240
/home/yhu/Datasets/Northwestern_Hand_Gesture/videos/04/04_Thumb_01.avi,81,88,320,240
/home/yhu/Datasets/Northwestern_Hand_Gesture/videos/04/04_Fist_08.avi,24,18,315,240
/home/yhu/Datasets/Northwestern_Hand_Gesture/videos/04/04_Fist_02.avi,100,53,320,240
/home/yhu/Datasets/Northwestern_Hand_Gesture/videos/04/04_Thumb_03.avi,28,0,295,240
/home/yhu/Datasets/Northwestern_Hand_Gesture/videos/04/04_Index_01.avi,97,19,303,231
/home/yhu/Datasets/Northwestern_Hand_Gesture/videos/04/04_Index_10.avi,82,50,232,217
/home/yhu/Datasets/Northwestern_Hand_Gesture/videos/04/04_SideIndex_15.avi,52,0,320,240
/home/yhu/Datasets/Northwestern_Hand_Gesture/videos/04/04_Fist_10.avi,58,0,313,240
/home/yhu/Datasets/Northwestern_Hand_Gesture/videos/04/04_Thumb_06.avi,44,34,309,198
/home/yhu/Datasets/Northwestern_Hand_Gesture/videos/04/04_SideIndex_03.avi,24,0,271,240
/home/yhu/Datasets/Northwestern_Hand_Gesture/videos/04/04_Thumb_08.avi,52,42,285,240
/home/yhu/Datasets/Northwestern_Hand_Gesture/videos/04/04_Index_11.avi,66,0,294,240
/home/yhu/Datasets/Northwestern_Hand_Gesture/videos/04/04_Hand_01.avi,102,0,299,240
/home/yhu/Datasets/Northwestern_Hand_Gesture/videos/04/04_Hold_11.avi,90,11,320,240
/home/yhu/Datasets/Northwestern_Hand_Gesture/videos/04/04_Index_13.avi,27,37,246,237
/home/yhu/Datasets/Northwestern_Hand_Gesture/videos/04/04_Hand_09.avi,45,0,320,240
/home/yhu/Datasets/Northwestern_Hand_Gesture/videos/04/04_Thumb_12.avi,72,0,320,240
/home/yhu/Datasets/Northwestern_Hand_Gesture/videos/04/04_Thumb_11.avi,44,14,320,240
/home/yhu/Datasets/Northwestern_Hand_Gesture/videos/04/04_Hand_03.avi,32,0,291,240
/home/yhu/Datasets/Northwestern_Hand_Gesture/videos/04/04_Fist_13.avi,36,41,299,240
/home/yhu/Datasets/Northwestern_Hand_Gesture/videos/04/04_Index_12.avi,88,60,314,240
/home/yhu/Datasets/Northwestern_Hand_Gesture/videos/04/04_SideIndex_13.avi,14,13,282,223
/home/yhu/Datasets/Northwestern_Hand_Gesture/videos/04/04_Fist_06.avi,49,48,318,231
/home/yhu/Datasets/Northwestern_Hand_Gesture/videos/04/04_Thumb_04.avi,70,34,256,222
/home/yhu/Datasets/Northwestern_Hand_Gesture/videos/04/04_SideHand_14.avi,34,0,320,240
/home/yhu/Datasets/Northwestern_Hand_Gesture/videos/04/04_Hand_15.avi,60,0,304,240
/home/yhu/Datasets/Northwestern_Hand_Gesture/videos/04/04_SideIndex_01.avi,8,88,320,240
/home/yhu/Datasets/Northwestern_Hand_Gesture/videos/04/04_Fist_03.avi,39,22,281,240
/home/yhu/Datasets/Northwestern_Hand_Gesture/videos/01/01_Thumb_02.avi,129,86,308,240
/home/yhu/Datasets/Northwestern_Hand_Gesture/videos/01/01_Fist_08.avi,10,60,317,240
/home/yhu/Datasets/Northwestern_Hand_Gesture/videos/01/01_Thumb_07.avi,57,58,320,240
/home/yhu/Datasets/Northwestern_Hand_Gesture/videos/01/01_Hand_07.avi,10,24,320,240
/home/yhu/Datasets/Northwestern_Hand_Gesture/videos/01/01_SideHand_08.avi,21,68,320,240
/home/yhu/Datasets/Northwestern_Hand_Gesture/videos/01/01_SideHand_05.avi,34,67,320,200
/home/yhu/Datasets/Northwestern_Hand_Gesture/videos/01/01_Fist_13.avi,54,79,296,240
/home/yhu/Datasets/Northwestern_Hand_Gesture/videos/01/01_Fist_11.avi,119,72,320,232
/home/yhu/Datasets/Northwestern_Hand_Gesture/videos/01/01_SideHand_04.avi,56,77,320,195
/home/yhu/Datasets/Northwestern_Hand_Gesture/videos/01/01_Fist_03.avi,24,86,290,240
/home/yhu/Datasets/Northwestern_Hand_Gesture/videos/01/01_SideIndex_08.avi,83,62,320,240
/home/yhu/Datasets/Northwestern_Hand_Gesture/videos/01/01_SideHand_13.avi,41,44,320,195
/home/yhu/Datasets/Northwestern_Hand_Gesture/videos/01/01_Hold_13.avi,59,26,320,240
/home/yhu/Datasets/Northwestern_Hand_Gesture/videos/01/01_Hand_10.avi,50,29,320,240
/home/yhu/Datasets/Northwestern_Hand_Gesture/videos/01/01_SideHand_01.avi,30,78,320,240
/home/yhu/Datasets/Northwestern_Hand_Gesture/videos/01/01_SideIndex_05.avi,150,87,312,187
/home/yhu/Datasets/Northwestern_Hand_Gesture/videos/01/01_SideIndex_04.avi,122,64,320,213
/home/yhu/Datasets/Northwestern_Hand_Gesture/videos/01/01_Hand_05.avi,17,20,310,240
/home/yhu/Datasets/Northwestern_Hand_Gesture/videos/01/01_Hold_08.avi,28,20,320,240
/home/yhu/Datasets/Northwestern_Hand_Gesture/videos/01/01_Hand_06.avi,20,39,293,240
/home/yhu/Datasets/Northwestern_Hand_Gesture/videos/01/01_SideIndex_06.avi,19,56,320,207
/home/yhu/Datasets/Northwestern_Hand_Gesture/videos/01/01_Fist_10.avi,32,57,320,240
/home/yhu/Datasets/Northwestern_Hand_Gesture/videos/01/01_Thumb_11.avi,77,40,320,213
/home/yhu/Datasets/Northwestern_Hand_Gesture/videos/01/01_Hold_06.avi,39,42,305,240
/home/yhu/Datasets/Northwestern_Hand_Gesture/videos/01/01_Index_08.avi,69,72,320,240
/home/yhu/Datasets/Northwestern_Hand_Gesture/videos/01/01_Hold_09.avi,27,0,314,240
/home/yhu/Datasets/Northwestern_Hand_Gesture/videos/01/01_Hand_08.avi,0,30,320,240
/home/yhu/Datasets/Northwestern_Hand_Gesture/videos/01/01_Hand_15.avi,53,26,316,240
/home/yhu/Datasets/Northwestern_Hand_Gesture/videos/01/01_Hold_15.avi,25,19,312,240
/home/yhu/Datasets/Northwestern_Hand_Gesture/videos/01/01_SideIndex_11.avi,69,96,320,240
/home/yhu/Datasets/Northwestern_Hand_Gesture/videos/01/01_SideHand_06.avi,24,38,320,170
/home/yhu/Datasets/Northwestern_Hand_Gesture/videos/01/01_Thumb_12.avi,88,38,308,240
/home/yhu/Datasets/Northwestern_Hand_Gesture/videos/01/01_Fist_15.avi,55,42,320,240
/home/yhu/Datasets/Northwestern_Hand_Gesture/videos/01/01_Hand_12.avi,43,51,293,240
/home/yhu/Datasets/Northwestern_Hand_Gesture/videos/01/01_SideIndex_09.avi,51,52,320,201
/home/yhu/Datasets/Northwestern_Hand_Gesture/videos/01/01_Index_10.avi,141,98,320,240
/home/yhu/Datasets/Northwestern_Hand_Gesture/videos/01/01_Hand_04.avi,42,19,291,240
/home/yhu/Datasets/Northwestern_Hand_Gesture/videos/01/01_Fist_06.avi,30,69,306,210
/home/yhu/Datasets/Northwestern_Hand_Gesture/videos/01/01_SideHand_11.avi,67,68,320,234
/home/yhu/Datasets/Northwestern_Hand_Gesture/videos/01/01_SideIndex_14.avi,135,55,320,186
/home/yhu/Datasets/Northwestern_Hand_Gesture/videos/01/01_Thumb_08.avi,74,96,312,240
/home/yhu/Datasets/Northwestern_Hand_Gesture/videos/01/01_Index_03.avi,38,22,301,240
/home/yhu/Datasets/Northwestern_Hand_Gesture/videos/01/01_Fist_12.avi,22,91,314,240
/home/yhu/Datasets/Northwestern_Hand_Gesture/videos/01/01_Fist_02.avi,65,74,309,240
/home/yhu/Datasets/Northwestern_Hand_Gesture/videos/01/01_Index_13.avi,49,42,320,240
/home/yhu/Datasets/Northwestern_Hand_Gesture/videos/01/01_Index_15.avi,71,26,309,240
/home/yhu/Datasets/Northwestern_Hand_Gesture/videos/01/01_SideHand_09.avi,10,64,320,219
/home/yhu/Datasets/Northwestern_Hand_Gesture/videos/01/01_Hold_05.avi,61,36,310,240
/home/yhu/Datasets/Northwestern_Hand_Gesture/videos/01/01_Thumb_05.avi,56,0,320,240
/home/yhu/Datasets/Northwestern_Hand_Gesture/videos/01/01_Index_11.avi,130,3,320,240
/home/yhu/Datasets/Northwestern_Hand_Gesture/videos/01/01_SideIndex_02.avi,58,70,320,237
/home/yhu/Datasets/Northwestern_Hand_Gesture/videos/01/01_Index_06.avi,35,78,311,240
/home/yhu/Datasets/Northwestern_Hand_Gesture/videos/01/01_Index_12.avi,98,87,317,240
/home/yhu/Datasets/Northwestern_Hand_Gesture/videos/01/01_Index_01.avi,122,21,320,240
/home/yhu/Datasets/Northwestern_Hand_Gesture/videos/01/01_SideIndex_01.avi,60,45,320,240
/home/yhu/Datasets/Northwestern_Hand_Gesture/videos/01/01_Thumb_03.avi,10,42,311,240
/home/yhu/Datasets/Northwestern_Hand_Gesture/videos/01/01_SideHand_07.avi,0,74,320,240
/home/yhu/Datasets/Northwestern_Hand_Gesture/videos/01/01_Fist_09.avi,10,69,316,240
/home/yhu/Datasets/Northwestern_Hand_Gesture/videos/01/01_SideIndex_12.avi,50,89,320,240
/home/yhu/Datasets/Northwestern_Hand_Gesture/videos/01/01_Fist_07.avi,0,88,320,240
/home/yhu/Datasets/Northwestern_Hand_Gesture/videos/01/01_Hand_09.avi,2,36,320,240
/home/yhu/Datasets/Northwestern_Hand_Gesture/videos/01/01_SideIndex_15.avi,57,53,320,240
/home/yhu/Datasets/Northwestern_Hand_Gesture/videos/01/01_Index_14.avi,128,7,320,240
/home/yhu/Datasets/Northwestern_Hand_Gesture/videos/01/01_Index_04.avi,74,45,273,240
/home/yhu/Datasets/Northwestern_Hand_Gesture/videos/01/01_Index_05.avi,93,28,320,240
/home/yhu/Datasets/Northwestern_Hand_Gesture/videos/01/01_Thumb_06.avi,38,59,320,240
/home/yhu/Datasets/Northwestern_Hand_Gesture/videos/01/01_Thumb_09.avi,49,58,320,240
/home/yhu/Datasets/Northwestern_Hand_Gesture/videos/01/01_Hand_01.avi,93,12,320,240
/home/yhu/Datasets/Northwestern_Hand_Gesture/videos/01/01_Hand_02.avi,40,22,320,240
/home/yhu/Datasets/Northwestern_Hand_Gesture/videos/01/01_Hold_04.avi,106,41,318,240
/home/yhu/Datasets/Northwestern_Hand_Gesture/videos/01/01_Hold_10.avi,41,0,320,240
/home/yhu/Datasets/Northwestern_Hand_Gesture/videos/01/01_SideIndex_10.avi,108,110,320,240
/home/yhu/Datasets/Northwestern_Hand_Gesture/videos/01/01_Thumb_10.avi,90,72,267,240
/home/yhu/Datasets/Northwestern_Hand_Gesture/videos/01/01_Hold_12.avi,20,53,312,240
/home/yhu/Datasets/Northwestern_Hand_Gesture/videos/01/01_SideHand_02.avi,43,75,320,240
/home/yhu/Datasets/Northwestern_Hand_Gesture/videos/01/01_Index_09.avi,40,65,320,240
/home/yhu/Datasets/Northwestern_Hand_Gesture/videos/01/01_Thumb_14.avi,148,13,320,240
/home/yhu/Datasets/Northwestern_Hand_Gesture/videos/01/01_SideHand_10.avi,22,81,320,240
/home/yhu/Datasets/Northwestern_Hand_Gesture/videos/01/01_Fist_05.avi,33,61,320,240
/home/yhu/Datasets/Northwestern_Hand_Gesture/videos/01/01_Thumb_15.avi,132,53,320,240
/home/yhu/Datasets/Northwestern_Hand_Gesture/videos/01/01_Hold_14.avi,143,9,320,240
/home/yhu/Datasets/Northwestern_Hand_Gesture/videos/01/01_SideHand_15.avi,34,64,320,227
/home/yhu/Datasets/Northwestern_Hand_Gesture/videos/01/01_SideIndex_07.avi,7,65,320,240
/home/yhu/Datasets/Northwestern_Hand_Gesture/videos/01/01_Thumb_13.avi,28,28,320,240
/home/yhu/Datasets/Northwestern_Hand_Gesture/videos/01/01_Hand_03.avi,30,108,294,240
/home/yhu/Datasets/Northwestern_Hand_Gesture/videos/01/01_Index_07.avi,54,40,320,240
/home/yhu/Datasets/Northwestern_Hand_Gesture/videos/01/01_SideIndex_13.avi,71,37,317,179
/home/yhu/Datasets/Northwestern_Hand_Gesture/videos/01/01_Thumb_04.avi,145,49,308,240
/home/yhu/Datasets/Northwestern_Hand_Gesture/videos/01/01_Hand_11.avi,83,32,320,240
/home/yhu/Datasets/Northwestern_Hand_Gesture/videos/01/01_SideIndex_03.avi,58,98,320,240
/home/yhu/Datasets/Northwestern_Hand_Gesture/videos/01/01_Hand_14.avi,32,2,320,240
/home/yhu/Datasets/Northwestern_Hand_Gesture/videos/01/01_SideHand_12.avi,5,68,320,240
/home/yhu/Datasets/Northwestern_Hand_Gesture/videos/01/01_Hold_02.avi,77,47,320,240
/home/yhu/Datasets/Northwestern_Hand_Gesture/videos/01/01_Hold_01.avi,106,20,320,240
/home/yhu/Datasets/Northwestern_Hand_Gesture/videos/01/01_Fist_04.avi,45,35,303,240
/home/yhu/Datasets/Northwestern_Hand_Gesture/videos/01/01_SideHand_03.avi,12,114,320,240
/home/yhu/Datasets/Northwestern_Hand_Gesture/videos/01/01_Fist_01.avi,98,70,320,240
/home/yhu/Datasets/Northwestern_Hand_Gesture/videos/01/01_Thumb_01.avi,180,33,320,240
/home/yhu/Datasets/Northwestern_Hand_Gesture/videos/01/01_Fist_14.avi,63,53,320,240
/home/yhu/Datasets/Northwestern_Hand_Gesture/videos/01/01_Index_02.avi,114,81,311,240
/home/yhu/Datasets/Northwestern_Hand_Gesture/videos/01/01_SideHand_14.avi,18,55,320,179
/home/yhu/Datasets/Northwestern_Hand_Gesture/videos/01/01_Hold_07.avi,51,37,320,240
/home/yhu/Datasets/Northwestern_Hand_Gesture/videos/01/01_Hold_03.avi,19,40,289,240
/home/yhu/Datasets/Northwestern_Hand_Gesture/videos/01/01_Hand_13.avi,41,15,320,211
/home/yhu/Datasets/Northwestern_Hand_Gesture/videos/01/01_Hold_11.avi,61,17,320,240
/home/yhu/Datasets/Northwestern_Hand_Gesture/videos/08/08_Hand_01.avi,29,24,290,240
/home/yhu/Datasets/Northwestern_Hand_Gesture/videos/08/08_Hold_07.avi,60,0,320,240
/home/yhu/Datasets/Northwestern_Hand_Gesture/videos/08/08_Fist_05.avi,37,15,316,240
/home/yhu/Datasets/Northwestern_Hand_Gesture/videos/08/08_Thumb_15.avi,81,21,320,240
/home/yhu/Datasets/Northwestern_Hand_Gesture/videos/08/08_Hand_12.avi,40,17,320,240
/home/yhu/Datasets/Northwestern_Hand_Gesture/videos/08/08_Index_02.avi,81,68,314,240
/home/yhu/Datasets/Northwestern_Hand_Gesture/videos/08/08_Hold_04.avi,67,0,320,240
/home/yhu/Datasets/Northwestern_Hand_Gesture/videos/08/08_Hold_14.avi,68,0,320,240
/home/yhu/Datasets/Northwestern_Hand_Gesture/videos/08/08_Thumb_08.avi,77,28,306,240
/home/yhu/Datasets/Northwestern_Hand_Gesture/videos/08/08_Index_14.avi,112,0,320,240
/home/yhu/Datasets/Northwestern_Hand_Gesture/videos/08/08_SideHand_08.avi,41,18,320,240
/home/yhu/Datasets/Northwestern_Hand_Gesture/videos/08/08_Fist_03.avi,43,12,294,240
/home/yhu/Datasets/Northwestern_Hand_Gesture/videos/08/08_Thumb_10.avi,94,54,277,240
/home/yhu/Datasets/Northwestern_Hand_Gesture/videos/08/08_Fist_02.avi,47,39,315,240
/home/yhu/Datasets/Northwestern_Hand_Gesture/videos/08/08_Hand_07.avi,13,0,315,240
/home/yhu/Datasets/Northwestern_Hand_Gesture/videos/08/08_Index_04.avi,78,26,320,240
/home/yhu/Datasets/Northwestern_Hand_Gesture/videos/08/08_SideIndex_15.avi,6,14,320,240
/home/yhu/Datasets/Northwestern_Hand_Gesture/videos/08/08_SideIndex_08.avi,52,25,320,240
/home/yhu/Datasets/Northwestern_Hand_Gesture/videos/08/08_Hand_02.avi,47,9,320,240
/home/yhu/Datasets/Northwestern_Hand_Gesture/videos/08/08_Index_01.avi,75,76,293,240
/home/yhu/Datasets/Northwestern_Hand_Gesture/videos/08/08_SideHand_07.avi,0,0,320,240
/home/yhu/Datasets/Northwestern_Hand_Gesture/videos/08/08_Hand_03.avi,39,0,286,240
/home/yhu/Datasets/Northwestern_Hand_Gesture/videos/08/08_Hold_11.avi,74,6,293,240
/home/yhu/Datasets/Northwestern_Hand_Gesture/videos/08/08_Index_12.avi,117,69,320,240
/home/yhu/Datasets/Northwestern_Hand_Gesture/videos/08/08_Thumb_14.avi,118,0,320,240
/home/yhu/Datasets/Northwestern_Hand_Gesture/videos/08/08_Hold_06.avi,52,0,320,240
/home/yhu/Datasets/Northwestern_Hand_Gesture/videos/08/08_Hold_12.avi,47,41,320,240
/home/yhu/Datasets/Northwestern_Hand_Gesture/videos/08/08_Thumb_09.avi,60,15,320,240
/home/yhu/Datasets/Northwestern_Hand_Gesture/videos/08/08_Index_06.avi,70,25,320,240
/home/yhu/Datasets/Northwestern_Hand_Gesture/videos/08/08_Fist_12.avi,46,43,320,240
/home/yhu/Datasets/Northwestern_Hand_Gesture/videos/08/08_SideHand_03.avi,0,0,320,240
/home/yhu/Datasets/Northwestern_Hand_Gesture/videos/08/08_SideIndex_05.avi,31,12,320,240
/home/yhu/Datasets/Northwestern_Hand_Gesture/videos/08/08_SideHand_12.avi,4,14,320,240
/home/yhu/Datasets/Northwestern_Hand_Gesture/videos/08/08_Index_07.avi,55,4,320,240
/home/yhu/Datasets/Northwestern_Hand_Gesture/videos/08/08_Hand_15.avi,48,0,305,240
/home/yhu/Datasets/Northwestern_Hand_Gesture/videos/08/08_Hand_06.avi,55,0,320,240
/home/yhu/Datasets/Northwestern_Hand_Gesture/videos/08/08_SideHand_15.avi,7,5,320,240
/home/yhu/Datasets/Northwestern_Hand_Gesture/videos/08/08_Thumb_07.avi,40,6,320,240
/home/yhu/Datasets/Northwestern_Hand_Gesture/videos/08/08_Fist_14.avi,49,0,320,240
/home/yhu/Datasets/Northwestern_Hand_Gesture/videos/08/08_SideIndex_03.avi,2,37,320,240
/home/yhu/Datasets/Northwestern_Hand_Gesture/videos/08/08_Hand_09.avi,20,0,320,240
/home/yhu/Datasets/Northwestern_Hand_Gesture/videos/08/08_Fist_10.avi,51,23,320,240
/home/yhu/Datasets/Northwestern_Hand_Gesture/videos/08/08_Thumb_01.avi,62,78,309,240
/home/yhu/Datasets/Northwestern_Hand_Gesture/videos/08/08_Thumb_05.avi,60,0,320,240
/home/yhu/Datasets/Northwestern_Hand_Gesture/videos/08/08_SideIndex_10.avi,77,18,320,240
/home/yhu/Datasets/Northwestern_Hand_Gesture/videos/08/08_SideHand_04.avi,27,8,320,240
/home/yhu/Datasets/Northwestern_Hand_Gesture/videos/08/08_SideHand_13.avi,21,20,320,240
/home/yhu/Datasets/Northwestern_Hand_Gesture/videos/08/08_Fist_09.avi,38,4,320,240
/home/yhu/Datasets/Northwestern_Hand_Gesture/videos/08/08_Hand_13.avi,20,0,280,240
/home/yhu/Datasets/Northwestern_Hand_Gesture/videos/08/08_Thumb_06.avi,38,0,316,231
/home/yhu/Datasets/Northwestern_Hand_Gesture/videos/08/08_SideIndex_09.avi,45,18,320,240
/home/yhu/Datasets/Northwestern_Hand_Gesture/videos/08/08_Fist_08.avi,39,21,315,240
/home/yhu/Datasets/Northwestern_Hand_Gesture/videos/08/08_Thumb_02.avi,75,104,287,240
/home/yhu/Datasets/Northwestern_Hand_Gesture/videos/08/08_Index_03.avi,26,0,292,240
/home/yhu/Datasets/Northwestern_Hand_Gesture/videos/08/08_SideIndex_14.avi,40,13,320,240
/home/yhu/Datasets/Northwestern_Hand_Gesture/videos/08/08_Index_10.avi,82,50,311,240
/home/yhu/Datasets/Northwestern_Hand_Gesture/videos/08/08_Fist_15.avi,34,5,310,240
/home/yhu/Datasets/Northwestern_Hand_Gesture/videos/08/08_SideIndex_01.avi,15,48,320,240
/home/yhu/Datasets/Northwestern_Hand_Gesture/videos/08/08_SideHand_06.avi,19,0,320,240
/home/yhu/Datasets/Northwestern_Hand_Gesture/videos/08/08_Fist_01.avi,54,67,314,240
/home/yhu/Datasets/Northwestern_Hand_Gesture/videos/08/08_SideHand_01.avi,4,61,320,240
/home/yhu/Datasets/Northwestern_Hand_Gesture/videos/08/08_SideHand_14.avi,30,12,320,240
/home/yhu/Datasets/Northwestern_Hand_Gesture/videos/08/08_Fist_04.avi,23,0,320,240
/home/yhu/Datasets/Northwestern_Hand_Gesture/videos/08/08_Fist_06.avi,25,15,295,240
/home/yhu/Datasets/Northwestern_Hand_Gesture/videos/08/08_Index_09.avi,38,18,320,240
/home/yhu/Datasets/Northwestern_Hand_Gesture/videos/08/08_SideHand_02.avi,10,10,320,240
/home/yhu/Datasets/Northwestern_Hand_Gesture/videos/08/08_SideHand_10.avi,63,9,320,240
/home/yhu/Datasets/Northwestern_Hand_Gesture/videos/08/08_Hold_08.avi,44,0,320,240
/home/yhu/Datasets/Northwestern_Hand_Gesture/videos/08/08_Hold_03.avi,27,0,282,240
/home/yhu/Datasets/Northwestern_Hand_Gesture/videos/08/08_Hand_11.avi,21,7,320,240
/home/yhu/Datasets/Northwestern_Hand_Gesture/videos/08/08_SideIndex_02.avi,50,12,320,240
/home/yhu/Datasets/Northwestern_Hand_Gesture/videos/08/08_SideHand_05.avi,21,19,320,238
/home/yhu/Datasets/Northwestern_Hand_Gesture/videos/08/08_Hand_05.avi,22,0,307,240
/home/yhu/Datasets/Northwestern_Hand_Gesture/videos/08/08_Thumb_03.avi,5,0,308,240
/home/yhu/Datasets/Northwestern_Hand_Gesture/videos/08/08_Fist_11.avi,62,40,306,240
/home/yhu/Datasets/Northwestern_Hand_Gesture/videos/08/08_Hold_02.avi,71,3,320,240
/home/yhu/Datasets/Northwestern_Hand_Gesture/videos/08/08_Thumb_04.avi,68,33,320,240
/home/yhu/Datasets/Northwestern_Hand_Gesture/videos/08/08_Hold_05.avi,63,6,296,240
/home/yhu/Datasets/Northwestern_Hand_Gesture/videos/08/08_SideIndex_07.avi,0,0,320,240
/home/yhu/Datasets/Northwestern_Hand_Gesture/videos/08/08_Thumb_13.avi,14,11,320,240
/home/yhu/Datasets/Northwestern_Hand_Gesture/videos/08/08_SideIndex_11.avi,36,50,320,240
/home/yhu/Datasets/Northwestern_Hand_Gesture/videos/08/08_Thumb_11.avi,25,0,313,240
/home/yhu/Datasets/Northwestern_Hand_Gesture/videos/08/08_Hand_14.avi,41,0,320,240
/home/yhu/Datasets/Northwestern_Hand_Gesture/videos/08/08_Hand_04.avi,29,7,298,240
/home/yhu/Datasets/Northwestern_Hand_Gesture/videos/08/08_Hand_08.avi,8,0,311,240
/home/yhu/Datasets/Northwestern_Hand_Gesture/videos/08/08_Fist_13.avi,39,30,288,240
/home/yhu/Datasets/Northwestern_Hand_Gesture/videos/08/08_Hold_13.avi,52,9,260,240
/home/yhu/Datasets/Northwestern_Hand_Gesture/videos/08/08_Index_05.avi,87,0,320,240
/home/yhu/Datasets/Northwestern_Hand_Gesture/videos/08/08_Index_11.avi,94,0,320,240
/home/yhu/Datasets/Northwestern_Hand_Gesture/videos/08/08_Hand_10.avi,54,0,320,240
/home/yhu/Datasets/Northwestern_Hand_Gesture/videos/08/08_SideIndex_04.avi,48,4,320,240
/home/yhu/Datasets/Northwestern_Hand_Gesture/videos/08/08_SideHand_09.avi,40,16,320,240
/home/yhu/Datasets/Northwestern_Hand_Gesture/videos/08/08_Thumb_12.avi,44,30,320,240
/home/yhu/Datasets/Northwestern_Hand_Gesture/videos/08/08_SideIndex_12.avi,50,0,320,240
/home/yhu/Datasets/Northwestern_Hand_Gesture/videos/08/08_Hold_01.avi,39,38,313,240
/home/yhu/Datasets/Northwestern_Hand_Gesture/videos/08/08_SideIndex_06.avi,33,0,320,240
/home/yhu/Datasets/Northwestern_Hand_Gesture/videos/08/08_Index_13.avi,38,9,265,240
/home/yhu/Datasets/Northwestern_Hand_Gesture/videos/08/08_SideHand_11.avi,39,56,320,240
/home/yhu/Datasets/Northwestern_Hand_Gesture/videos/08/08_Index_15.avi,70,13,303,240
/home/yhu/Datasets/Northwestern_Hand_Gesture/videos/08/08_SideIndex_13.avi,34,18,320,240
/home/yhu/Datasets/Northwestern_Hand_Gesture/videos/08/08_Index_08.avi,79,44,263,240
/home/yhu/Datasets/Northwestern_Hand_Gesture/videos/08/08_Fist_07.avi,0,20,320,240
/home/yhu/Datasets/Northwestern_Hand_Gesture/videos/08/08_Hold_15.avi,31,0,320,240
/home/yhu/Datasets/Northwestern_Hand_Gesture/videos/08/08_Hold_09.avi,45,0,320,240
/home/yhu/Datasets/Northwestern_Hand_Gesture/videos/08/08_Hold_10.avi,40,0,301,240
/home/yhu/Datasets/Northwestern_Hand_Gesture/videos/09/09_Thumb_06.avi,17,20,320,240
/home/yhu/Datasets/Northwestern_Hand_Gesture/videos/09/09_Thumb_15.avi,60,6,304,240
/home/yhu/Datasets/Northwestern_Hand_Gesture/videos/09/09_Thumb_03.avi,4,0,301,240
/home/yhu/Datasets/Northwestern_Hand_Gesture/videos/09/09_Thumb_14.avi,97,4,320,240
/home/yhu/Datasets/Northwestern_Hand_Gesture/videos/09/09_Hold_13.avi,72,12,305,240
/home/yhu/Datasets/Northwestern_Hand_Gesture/videos/09/09_SideIndex_11.avi,65,46,320,240
/home/yhu/Datasets/Northwestern_Hand_Gesture/videos/09/09_Hold_11.avi,63,0,305,240
/home/yhu/Datasets/Northwestern_Hand_Gesture/videos/09/09_Hand_09.avi,0,8,318,240
/home/yhu/Datasets/Northwestern_Hand_Gesture/videos/09/09_Fist_03.avi,25,40,280,240
/home/yhu/Datasets/Northwestern_Hand_Gesture/videos/09/09_SideHand_01.avi,16,67,320,240
/home/yhu/Datasets/Northwestern_Hand_Gesture/videos/09/09_SideHand_07.avi,0,41,320,240
/home/yhu/Datasets/Northwestern_Hand_Gesture/videos/09/09_Thumb_07.avi,14,0,320,240
/home/yhu/Datasets/Northwestern_Hand_Gesture/videos/09/09_SideHand_13.avi,8,20,320,240
/home/yhu/Datasets/Northwestern_Hand_Gesture/videos/09/09_SideIndex_15.avi,0,15,320,240
/home/yhu/Datasets/Northwestern_Hand_Gesture/videos/09/09_Hold_12.avi,47,31,320,240
/home/yhu/Datasets/Northwestern_Hand_Gesture/videos/09/09_Index_09.avi,61,31,320,240
/home/yhu/Datasets/Northwestern_Hand_Gesture/videos/09/09_Hand_04.avi,80,32,320,240
/home/yhu/Datasets/Northwestern_Hand_Gesture/videos/09/09_SideIndex_07.avi,0,36,320,240
/home/yhu/Datasets/Northwestern_Hand_Gesture/videos/09/09_Hand_02.avi,30,7,320,240
/home/yhu/Datasets/Northwestern_Hand_Gesture/videos/09/09_Fist_14.avi,44,41,320,240
/home/yhu/Datasets/Northwestern_Hand_Gesture/videos/09/09_Hand_12.avi,43,17,320,240
/home/yhu/Datasets/Northwestern_Hand_Gesture/videos/09/09_SideHand_03.avi,0,9,320,240
/home/yhu/Datasets/Northwestern_Hand_Gesture/videos/09/09_Index_13.avi,50,20,295,240
/home/yhu/Datasets/Northwestern_Hand_Gesture/videos/09/09_Hold_05.avi,34,18,297,240
/home/yhu/Datasets/Northwestern_Hand_Gesture/videos/09/09_Thumb_13.avi,38,10,320,240
/home/yhu/Datasets/Northwestern_Hand_Gesture/videos/09/09_Hold_09.avi,19,0,320,240
/home/yhu/Datasets/Northwestern_Hand_Gesture/videos/09/09_Fist_02.avi,50,43,320,240
/home/yhu/Datasets/Northwestern_Hand_Gesture/videos/09/09_Index_06.avi,52,39,320,240
/home/yhu/Datasets/Northwestern_Hand_Gesture/videos/09/09_Index_07.avi,42,15,320,240
/home/yhu/Datasets/Northwestern_Hand_Gesture/videos/09/09_SideIndex_02.avi,74,33,320,240
/home/yhu/Datasets/Northwestern_Hand_Gesture/videos/09/09_Index_10.avi,52,52,298,240
/home/yhu/Datasets/Northwestern_Hand_Gesture/videos/09/09_Hold_08.avi,27,17,320,240
/home/yhu/Datasets/Northwestern_Hand_Gesture/videos/09/09_Thumb_01.avi,58,56,320,240
/home/yhu/Datasets/Northwestern_Hand_Gesture/videos/09/09_SideHand_06.avi,19,25,320,240
/home/yhu/Datasets/Northwestern_Hand_Gesture/videos/09/09_Index_03.avi,25,0,290,240
/home/yhu/Datasets/Northwestern_Hand_Gesture/videos/09/09_SideHand_11.avi,33,44,320,240
/home/yhu/Datasets/Northwestern_Hand_Gesture/videos/09/09_SideIndex_08.avi,37,68,320,240
/home/yhu/Datasets/Northwestern_Hand_Gesture/videos/09/09_SideIndex_14.avi,34,13,320,240
/home/yhu/Datasets/Northwestern_Hand_Gesture/videos/09/09_Fist_10.avi,42,30,320,240
/home/yhu/Datasets/Northwestern_Hand_Gesture/videos/09/09_SideHand_04.avi,42,38,320,240
/home/yhu/Datasets/Northwestern_Hand_Gesture/videos/09/09_SideIndex_04.avi,54,51,320,240
/home/yhu/Datasets/Northwestern_Hand_Gesture/videos/09/09_Fist_05.avi,44,32,320,240
/home/yhu/Datasets/Northwestern_Hand_Gesture/videos/09/09_SideIndex_05.avi,28,23,320,232
/home/yhu/Datasets/Northwestern_Hand_Gesture/videos/09/09_SideIndex_13.avi,31,14,320,212
/home/yhu/Datasets/Northwestern_Hand_Gesture/videos/09/09_Index_05.avi,62,0,320,240
/home/yhu/Datasets/Northwestern_Hand_Gesture/videos/09/09_Fist_04.avi,52,43,304,240
/home/yhu/Datasets/Northwestern_Hand_Gesture/videos/09/09_Index_04.avi,77,39,320,240
/home/yhu/Datasets/Northwestern_Hand_Gesture/videos/09/09_Fist_11.avi,87,50,290,240
/home/yhu/Datasets/Northwestern_Hand_Gesture/videos/09/09_Hold_07.avi,32,0,320,240
/home/yhu/Datasets/Northwestern_Hand_Gesture/videos/09/09_Thumb_04.avi,76,21,320,240
/home/yhu/Datasets/Northwestern_Hand_Gesture/videos/09/09_Hand_14.avi,55,0,320,240
/home/yhu/Datasets/Northwestern_Hand_Gesture/videos/09/09_Hold_04.avi,74,0,320,240
/home/yhu/Datasets/Northwestern_Hand_Gesture/videos/09/09_SideHand_09.avi,29,24,320,240
/home/yhu/Datasets/Northwestern_Hand_Gesture/videos/09/09_Index_12.avi,96,58,320,240
/home/yhu/Datasets/Northwestern_Hand_Gesture/videos/09/09_Index_02.avi,70,63,292,240
/home/yhu/Datasets/Northwestern_Hand_Gesture/videos/09/09_SideHand_15.avi,14,20,320,240
/home/yhu/Datasets/Northwestern_Hand_Gesture/videos/09/09_Thumb_02.avi,89,94,308,240
/home/yhu/Datasets/Northwestern_Hand_Gesture/videos/09/09_Fist_12.avi,45,21,320,240
/home/yhu/Datasets/Northwestern_Hand_Gesture/videos/09/09_SideHand_08.avi,22,72,320,240
/home/yhu/Datasets/Northwestern_Hand_Gesture/videos/09/09_Index_15.avi,54,0,282,240
/home/yhu/Datasets/Northwestern_Hand_Gesture/videos/09/09_Thumb_08.avi,67,70,306,240
/home/yhu/Datasets/Northwestern_Hand_Gesture/videos/09/09_SideHand_12.avi,0,13,320,240
/home/yhu/Datasets/Northwestern_Hand_Gesture/videos/09/09_Fist_06.avi,20,33,320,240
/home/yhu/Datasets/Northwestern_Hand_Gesture/videos/09/09_Hand_07.avi,0,0,320,240
/home/yhu/Datasets/Northwestern_Hand_Gesture/videos/09/09_SideIndex_06.avi,5,25,320,240
/home/yhu/Datasets/Northwestern_Hand_Gesture/videos/09/09_Index_14.avi,126,6,320,240
/home/yhu/Datasets/Northwestern_Hand_Gesture/videos/09/09_Fist_09.avi,11,24,308,240
/home/yhu/Datasets/Northwestern_Hand_Gesture/videos/09/09_Thumb_12.avi,40,0,320,240
/home/yhu/Datasets/Northwestern_Hand_Gesture/videos/09/09_Fist_01.avi,67,74,301,240
/home/yhu/Datasets/Northwestern_Hand_Gesture/videos/09/09_Index_01.avi,87,65,296,240
/home/yhu/Datasets/Northwestern_Hand_Gesture/videos/09/09_Hand_05.avi,30,0,318,240
/home/yhu/Datasets/Northwestern_Hand_Gesture/videos/09/09_Hand_10.avi,26,28,307,240
/home/yhu/Datasets/Northwestern_Hand_Gesture/videos/09/09_SideHand_05.avi,6,19,320,240
/home/yhu/Datasets/Northwestern_Hand_Gesture/videos/09/09_Thumb_05.avi,66,9,320,240
/home/yhu/Datasets/Northwestern_Hand_Gesture/videos/09/09_Hold_03.avi,38,17,275,240
/home/yhu/Datasets/Northwestern_Hand_Gesture/videos/09/09_Hand_13.avi,29,7,305,240
/home/yhu/Datasets/Northwestern_Hand_Gesture/videos/09/09_Hold_06.avi,24,0,316,240
/home/yhu/Datasets/Northwestern_Hand_Gesture/videos/09/09_SideIndex_09.avi,23,5,320,240
/home/yhu/Datasets/Northwestern_Hand_Gesture/videos/09/09_Hold_02.avi,73,0,320,240
/home/yhu/Datasets/Northwestern_Hand_Gesture/videos/09/09_Hand_08.avi,18,26,320,240
/home/yhu/Datasets/Northwestern_Hand_Gesture/videos/09/09_Hand_01.avi,49,14,313,240
/home/yhu/Datasets/Northwestern_Hand_Gesture/videos/09/09_Hold_01.avi,67,18,320,240
/home/yhu/Datasets/Northwestern_Hand_Gesture/videos/09/09_Index_08.avi,62,57,295,240
/home/yhu/Datasets/Northwestern_Hand_Gesture/videos/09/09_Hand_03.avi,24,6,274,240
/home/yhu/Datasets/Northwestern_Hand_Gesture/videos/09/09_Index_11.avi,64,2,274,240
/home/yhu/Datasets/Northwestern_Hand_Gesture/videos/09/09_SideHand_14.avi,20,14,320,240
/home/yhu/Datasets/Northwestern_Hand_Gesture/videos/09/09_Hand_06.avi,41,0,320,240
/home/yhu/Datasets/Northwestern_Hand_Gesture/videos/09/09_Hold_10.avi,45,0,296,240
/home/yhu/Datasets/Northwestern_Hand_Gesture/videos/09/09_Hand_11.avi,35,0,320,240
/home/yhu/Datasets/Northwestern_Hand_Gesture/videos/09/09_SideHand_02.avi,33,26,320,240
/home/yhu/Datasets/Northwestern_Hand_Gesture/videos/09/09_Fist_15.avi,43,11,293,240
/home/yhu/Datasets/Northwestern_Hand_Gesture/videos/09/09_SideIndex_12.avi,26,0,320,240
/home/yhu/Datasets/Northwestern_Hand_Gesture/videos/09/09_Thumb_09.avi,23,52,320,240
/home/yhu/Datasets/Northwestern_Hand_Gesture/videos/09/09_SideIndex_01.avi,23,82,320,240
/home/yhu/Datasets/Northwestern_Hand_Gesture/videos/09/09_Thumb_10.avi,79,63,318,240
/home/yhu/Datasets/Northwestern_Hand_Gesture/videos/09/09_Thumb_11.avi,68,36,310,240
/home/yhu/Datasets/Northwestern_Hand_Gesture/videos/09/09_SideIndex_10.avi,86,51,320,240
/home/yhu/Datasets/Northwestern_Hand_Gesture/videos/09/09_Fist_07.avi,52,39,320,240
/home/yhu/Datasets/Northwestern_Hand_Gesture/videos/09/09_Hold_15.avi,30,0,315,240
/home/yhu/Datasets/Northwestern_Hand_Gesture/videos/09/09_SideHand_10.avi,56,14,320,240
/home/yhu/Datasets/Northwestern_Hand_Gesture/videos/09/09_Fist_13.avi,31,29,282,240
/home/yhu/Datasets/Northwestern_Hand_Gesture/videos/09/09_Hold_14.avi,52,3,320,240
/home/yhu/Datasets/Northwestern_Hand_Gesture/videos/09/09_Hand_15.avi,63,14,291,240
/home/yhu/Datasets/Northwestern_Hand_Gesture/videos/09/09_SideIndex_03.avi,3,40,320,240
/home/yhu/Datasets/Northwestern_Hand_Gesture/videos/09/09_Fist_08.avi,15,57,316,240
/home/yhu/Datasets/Northwestern_Hand_Gesture/videos/03/03_Thumb_10.avi,35,49,251,240
/home/yhu/Datasets/Northwestern_Hand_Gesture/videos/03/03_Hand_03.avi,0,18,275,240
/home/yhu/Datasets/Northwestern_Hand_Gesture/videos/03/03_Thumb_15.avi,0,0,306,240
/home/yhu/Datasets/Northwestern_Hand_Gesture/videos/03/03_SideHand_03.avi,19,0,315,240
/home/yhu/Datasets/Northwestern_Hand_Gesture/videos/03/03_Index_04.avi,59,28,263,240
/home/yhu/Datasets/Northwestern_Hand_Gesture/videos/03/03_Fist_01.avi,95,15,320,240
/home/yhu/Datasets/Northwestern_Hand_Gesture/videos/03/03_Fist_02.avi,85,63,320,240
/home/yhu/Datasets/Northwestern_Hand_Gesture/videos/03/03_SideHand_06.avi,60,19,269,240
/home/yhu/Datasets/Northwestern_Hand_Gesture/videos/03/03_Index_12.avi,67,42,312,240
/home/yhu/Datasets/Northwestern_Hand_Gesture/videos/03/03_Hold_07.avi,54,0,320,240
/home/yhu/Datasets/Northwestern_Hand_Gesture/videos/03/03_Index_11.avi,27,0,283,240
/home/yhu/Datasets/Northwestern_Hand_Gesture/videos/03/03_Hand_08.avi,0,3,299,240
/home/yhu/Datasets/Northwestern_Hand_Gesture/videos/03/03_Hand_05.avi,56,5,320,240
/home/yhu/Datasets/Northwestern_Hand_Gesture/videos/03/03_SideIndex_01.avi,54,9,320,240
/home/yhu/Datasets/Northwestern_Hand_Gesture/videos/03/03_Thumb_08.avi,14,46,293,240
/home/yhu/Datasets/Northwestern_Hand_Gesture/videos/03/03_Index_13.avi,35,25,252,216
/home/yhu/Datasets/Northwestern_Hand_Gesture/videos/03/03_SideIndex_03.avi,37,3,219,240
/home/yhu/Datasets/Northwestern_Hand_Gesture/videos/03/03_Hand_09.avi,10,0,320,240
/home/yhu/Datasets/Northwestern_Hand_Gesture/videos/03/03_Hand_06.avi,37,0,268,240
/home/yhu/Datasets/Northwestern_Hand_Gesture/videos/03/03_SideIndex_15.avi,6,0,320,240
/home/yhu/Datasets/Northwestern_Hand_Gesture/videos/03/03_Index_10.avi,73,33,259,237
/home/yhu/Datasets/Northwestern_Hand_Gesture/videos/03/03_SideHand_10.avi,41,0,320,240
/home/yhu/Datasets/Northwestern_Hand_Gesture/videos/03/03_Index_01.avi,160,92,303,214
/home/yhu/Datasets/Northwestern_Hand_Gesture/videos/03/03_Thumb_12.avi,56,15,320,240
/home/yhu/Datasets/Northwestern_Hand_Gesture/videos/03/03_Hand_07.avi,4,0,320,240
/home/yhu/Datasets/Northwestern_Hand_Gesture/videos/03/03_Index_02.avi,62,2,320,240
/home/yhu/Datasets/Northwestern_Hand_Gesture/videos/03/03_SideIndex_02.avi,39,2,320,240
/home/yhu/Datasets/Northwestern_Hand_Gesture/videos/03/03_Hold_06.avi,32,7,299,240
/home/yhu/Datasets/Northwestern_Hand_Gesture/videos/03/03_SideHand_07.avi,20,0,320,240
/home/yhu/Datasets/Northwestern_Hand_Gesture/videos/03/03_SideHand_14.avi,12,0,320,240
/home/yhu/Datasets/Northwestern_Hand_Gesture/videos/03/03_Thumb_03.avi,0,0,286,240
/home/yhu/Datasets/Northwestern_Hand_Gesture/videos/03/03_Fist_11.avi,46,48,291,224
/home/yhu/Datasets/Northwestern_Hand_Gesture/videos/03/03_SideHand_13.avi,37,22,269,223
/home/yhu/Datasets/Northwestern_Hand_Gesture/videos/03/03_Fist_14.avi,64,32,320,240
/home/yhu/Datasets/Northwestern_Hand_Gesture/videos/03/03_Hold_01.avi,143,0,320,232
/home/yhu/Datasets/Northwestern_Hand_Gesture/videos/03/03_SideHand_15.avi,23,0,320,240
/home/yhu/Datasets/Northwestern_Hand_Gesture/videos/03/03_Thumb_06.avi,14,17,268,202
/home/yhu/Datasets/Northwestern_Hand_Gesture/videos/03/03_SideIndex_14.avi,57,17,320,240
/home/yhu/Datasets/Northwestern_Hand_Gesture/videos/03/03_Hold_08.avi,20,0,320,240
/home/yhu/Datasets/Northwestern_Hand_Gesture/videos/03/03_Index_06.avi,47,33,253,240
/home/yhu/Datasets/Northwestern_Hand_Gesture/videos/03/03_Thumb_01.avi,116,30,320,236
/home/yhu/Datasets/Northwestern_Hand_Gesture/videos/03/03_Fist_04.avi,57,36,269,240
/home/yhu/Datasets/Northwestern_Hand_Gesture/videos/03/03_Hand_02.avi,52,0,320,240
/home/yhu/Datasets/Northwestern_Hand_Gesture/videos/03/03_Hand_14.avi,58,2,320,240
/home/yhu/Datasets/Northwestern_Hand_Gesture/videos/03/03_Fist_08.avi,9,22,317,240
/home/yhu/Datasets/Northwestern_Hand_Gesture/videos/03/03_SideIndex_09.avi,2,0,276,213
/home/yhu/Datasets/Northwestern_Hand_Gesture/videos/03/03_Thumb_02.avi,84,51,320,240
/home/yhu/Datasets/Northwestern_Hand_Gesture/videos/03/03_Hold_12.avi,49,46,320,240
/home/yhu/Datasets/Northwestern_Hand_Gesture/videos/03/03_Index_03.avi,16,0,265,240
/home/yhu/Datasets/Northwestern_Hand_Gesture/videos/03/03_SideIndex_08.avi,25,0,320,240
/home/yhu/Datasets/Northwestern_Hand_Gesture/videos/03/03_Thumb_09.avi,15,11,255,240
/home/yhu/Datasets/Northwestern_Hand_Gesture/videos/03/03_Hold_09.avi,34,0,286,240
/home/yhu/Datasets/Northwestern_Hand_Gesture/videos/03/03_Hand_13.avi,23,4,294,240
/home/yhu/Datasets/Northwestern_Hand_Gesture/videos/03/03_SideHand_04.avi,14,19,320,240
/home/yhu/Datasets/Northwestern_Hand_Gesture/videos/03/03_Fist_10.avi,25,0,315,240
/home/yhu/Datasets/Northwestern_Hand_Gesture/videos/03/03_Fist_12.avi,32,37,320,240
/home/yhu/Datasets/Northwestern_Hand_Gesture/videos/03/03_Hand_15.avi,45,0,268,240
/home/yhu/Datasets/Northwestern_Hand_Gesture/videos/03/03_SideIndex_05.avi,56,0,320,240
/home/yhu/Datasets/Northwestern_Hand_Gesture/videos/03/03_Hold_14.avi,130,8,320,240
/home/yhu/Datasets/Northwestern_Hand_Gesture/videos/03/03_SideHand_12.avi,7,14,320,240
/home/yhu/Datasets/Northwestern_Hand_Gesture/videos/03/03_Fist_06.avi,53,26,296,215
/home/yhu/Datasets/Northwestern_Hand_Gesture/videos/03/03_SideIndex_06.avi,61,30,316,240
/home/yhu/Datasets/Northwestern_Hand_Gesture/videos/03/03_Thumb_14.avi,73,0,320,240
/home/yhu/Datasets/Northwestern_Hand_Gesture/videos/03/03_Fist_03.avi,32,30,269,240
/home/yhu/Datasets/Northwestern_Hand_Gesture/videos/03/03_Hand_12.avi,22,12,311,240
/home/yhu/Datasets/Northwestern_Hand_Gesture/videos/03/03_SideHand_05.avi,58,14,320,209
/home/yhu/Datasets/Northwestern_Hand_Gesture/videos/03/03_Hold_15.avi,0,0,296,240
/home/yhu/Datasets/Northwestern_Hand_Gesture/videos/03/03_Index_07.avi,44,0,311,240
/home/yhu/Datasets/Northwestern_Hand_Gesture/videos/03/03_SideIndex_12.avi,26,57,320,240
/home/yhu/Datasets/Northwestern_Hand_Gesture/videos/03/03_Hand_10.avi,45,8,292,225
/home/yhu/Datasets/Northwestern_Hand_Gesture/videos/03/03_Hold_03.avi,22,8,291,240
/home/yhu/Datasets/Northwestern_Hand_Gesture/videos/03/03_Fist_09.avi,19,0,234,236
/home/yhu/Datasets/Northwestern_Hand_Gesture/videos/03/03_SideIndex_04.avi,67,32,320,240
/home/yhu/Datasets/Northwestern_Hand_Gesture/videos/03/03_Index_14.avi,105,20,320,240
/home/yhu/Datasets/Northwestern_Hand_Gesture/videos/03/03_Hold_13.avi,23,19,253,240
/home/yhu/Datasets/Northwestern_Hand_Gesture/videos/03/03_SideHand_01.avi,35,20,320,240
/home/yhu/Datasets/Northwestern_Hand_Gesture/videos/03/03_Index_15.avi,39,0,290,240
/home/yhu/Datasets/Northwestern_Hand_Gesture/videos/03/03_Index_08.avi,21,50,292,240
/home/yhu/Datasets/Northwestern_Hand_Gesture/videos/03/03_Thumb_11.avi,17,18,320,240
/home/yhu/Datasets/Northwestern_Hand_Gesture/videos/03/03_Thumb_13.avi,46,15,309,240
/home/yhu/Datasets/Northwestern_Hand_Gesture/videos/03/03_Hold_10.avi,41,0,320,240
/home/yhu/Datasets/Northwestern_Hand_Gesture/videos/03/03_SideHand_09.avi,0,0,259,240
/home/yhu/Datasets/Northwestern_Hand_Gesture/videos/03/03_SideIndex_11.avi,9,49,299,240
/home/yhu/Datasets/Northwestern_Hand_Gesture/videos/03/03_SideHand_11.avi,30,41,320,240
/home/yhu/Datasets/Northwestern_Hand_Gesture/videos/03/03_Hold_04.avi,71,17,285,237
/home/yhu/Datasets/Northwestern_Hand_Gesture/videos/03/03_Hand_04.avi,43,56,286,240
/home/yhu/Datasets/Northwestern_Hand_Gesture/videos/03/03_SideIndex_07.avi,0,0,320,240
/home/yhu/Datasets/Northwestern_Hand_Gesture/videos/03/03_Thumb_05.avi,63,5,320,240
/home/yhu/Datasets/Northwestern_Hand_Gesture/videos/03/03_Hold_02.avi,96,2,316,240
/home/yhu/Datasets/Northwestern_Hand_Gesture/videos/03/03_Hand_11.avi,32,8,309,240
/home/yhu/Datasets/Northwestern_Hand_Gesture/videos/03/03_SideIndex_13.avi,30,13,262,209
/home/yhu/Datasets/Northwestern_Hand_Gesture/videos/03/03_SideIndex_10.avi,45,0,320,240
/home/yhu/Datasets/Northwestern_Hand_Gesture/videos/03/03_SideHand_02.avi,43,0,320,240
/home/yhu/Datasets/Northwestern_Hand_Gesture/videos/03/03_Hand_01.avi,103,0,320,224
/home/yhu/Datasets/Northwestern_Hand_Gesture/videos/03/03_Thumb_04.avi,96,32,254,240
/home/yhu/Datasets/Northwestern_Hand_Gesture/videos/03/03_Fist_05.avi,87,66,320,240
/home/yhu/Datasets/Northwestern_Hand_Gesture/videos/03/03_Fist_15.avi,47,10,320,240
/home/yhu/Datasets/Northwestern_Hand_Gesture/videos/03/03_SideHand_08.avi,27,0,320,240
/home/yhu/Datasets/Northwestern_Hand_Gesture/videos/03/03_Index_05.avi,92,15,320,240
/home/yhu/Datasets/Northwestern_Hand_Gesture/videos/03/03_Hold_05.avi,67,35,301,240
/home/yhu/Datasets/Northwestern_Hand_Gesture/videos/03/03_Fist_13.avi,48,37,285,240
/home/yhu/Datasets/Northwestern_Hand_Gesture/videos/03/03_Thumb_07.avi,33,0,307,240
/home/yhu/Datasets/Northwestern_Hand_Gesture/videos/03/03_Hold_11.avi,70,30,288,240
/home/yhu/Datasets/Northwestern_Hand_Gesture/videos/03/03_Index_09.avi,28,5,278,240
/home/yhu/Datasets/Northwestern_Hand_Gesture/videos/03/03_Fist_07.avi,40,0,320,240
